现有结构分类,现有结构名称,文件类型,文件名,源文件绝对路径,建议归档相对目录,文件大小_字节,最后修改时间,备注
近径向高对称结构,圆盘,光谱或数据表,radial_disk_prelim_T_20260426_232913.csv,H:\FDTD outcome\struct\群论_struct\近径向高对称结构\圆盘\data\radial_disk_prelim_T_20260426_232913.csv,03_光谱文本,26082,2026-04-26 23:36:55,索引引用，未重复复制
近径向高对称结构,圆盘,文档,radial_disk_note_20260426_231746.md,H:\FDTD outcome\struct\群论_struct\近径向高对称结构\圆盘\docs\radial_disk_note_20260426_231746.md,06_输出/报告,2112,2026-04-26 23:20:00,索引引用，未重复复制
近径向高对称结构,圆盘,文档,radial_disk_note_20260426_232054.md,H:\FDTD outcome\struct\群论_struct\近径向高对称结构\圆盘\docs\radial_disk_note_20260426_232054.md,06_输出/报告,2144,2026-04-26 23:22:56,索引引用，未重复复制
近径向高对称结构,圆盘,文档,radial_disk_note_20260426_232353.md,H:\FDTD outcome\struct\群论_struct\近径向高对称结构\圆盘\docs\radial_disk_note_20260426_232353.md,06_输出/报告,2151,2026-04-26 23:27:40,索引引用，未重复复制
近径向高对称结构,圆盘,文档,radial_disk_note_20260426_232913.md,H:\FDTD outcome\struct\群论_struct\近径向高对称结构\圆盘\docs\radial_disk_note_20260426_232913.md,06_输出/报告,1227,2026-04-26 23:36:55,索引引用，未重复复制
近径向高对称结构,圆盘,FDTD模型,radial_disk_CodexAstra_20260426_232913.fsp,H:\FDTD outcome\struct\群论_struct\近径向高对称结构\圆盘\fsp\radial_disk_CodexAstra_20260426_232913.fsp,02_FDTD模型,25801643,2026-04-26 23:36:53,索引引用，未重复复制
近径向高对称结构,圆盘,日志,radial_disk_CodexAstra_20260426_232913_p0.log,H:\FDTD outcome\struct\群论_struct\近径向高对称结构\圆盘\logs\radial_disk_CodexAstra_20260426_232913_p0.log,06_输出/报告,3819,2026-04-26 23:36:53,索引引用，未重复复制
近径向高对称结构,圆盘,FDTD备份,radial_disk_CodexAstra_20260426_232913.fsp.bak,H:\FDTD outcome\struct\群论_struct\近径向高对称结构\圆盘\other\radial_disk_CodexAstra_20260426_232913.fsp.bak,02_FDTD模型,291476,2026-04-26 23:36:53,索引引用，未重复复制
近径向高对称结构,圆盘,图片,radial_disk_prelim_T_20260426_231746.png,H:\FDTD outcome\struct\群论_struct\近径向高对称结构\圆盘\png\radial_disk_prelim_T_20260426_231746.png,04_场图图片,23358,2026-04-26 23:20:00,索引引用，未重复复制
近径向高对称结构,圆盘,图片,radial_disk_prelim_T_20260426_232054.png,H:\FDTD outcome\struct\群论_struct\近径向高对称结构\圆盘\png\radial_disk_prelim_T_20260426_232054.png,04_场图图片,23358,2026-04-26 23:22:56,索引引用，未重复复制
近径向高对称结构,圆盘,图片,radial_disk_prelim_T_20260426_232353.png,H:\FDTD outcome\struct\群论_struct\近径向高对称结构\圆盘\png\radial_disk_prelim_T_20260426_232353.png,04_场图图片,23358,2026-04-26 23:27:40,索引引用，未重复复制
近径向高对称结构,圆盘,图片,radial_disk_prelim_T_20260426_232913.png,H:\FDTD outcome\struct\群论_struct\近径向高对称结构\圆盘\png\radial_disk_prelim_T_20260426_232913.png,04_场图图片,54755,2026-04-26 23:36:55,索引引用，未重复复制
近径向高对称结构,圆盘,结果JSON,radial_disk_result_20260426_232913.json,H:\FDTD outcome\struct\群论_struct\近径向高对称结构\圆盘\results\radial_disk_result_20260426_232913.json,06_输出/报告,116,2026-04-26 23:36:55,索引引用，未重复复制
近径向高对称结构,圆盘,脚本,radial_disk_build_20260426_231746.py,H:\FDTD outcome\struct\群论_struct\近径向高对称结构\圆盘\scripts\radial_disk_build_20260426_231746.py,05_脚本,12401,2026-04-26 23:19:55,索引引用，未重复复制
近径向高对称结构,圆盘,脚本,radial_disk_build_20260426_232054.py,H:\FDTD outcome\struct\群论_struct\近径向高对称结构\圆盘\scripts\radial_disk_build_20260426_232054.py,05_脚本,12410,2026-04-26 23:22:51,索引引用，未重复复制
近径向高对称结构,圆盘,脚本,radial_disk_build_20260426_232353.py,H:\FDTD outcome\struct\群论_struct\近径向高对称结构\圆盘\scripts\radial_disk_build_20260426_232353.py,05_脚本,12621,2026-04-26 23:27:35,索引引用，未重复复制
近径向高对称结构,圆盘,脚本,radial_disk_build_20260426_232913.py,H:\FDTD outcome\struct\群论_struct\近径向高对称结构\圆盘\scripts\radial_disk_build_20260426_232913.py,05_脚本,12634,2026-04-26 23:36:34,索引引用，未重复复制
近径向高对称结构,圆环,光谱或数据表,radial_ring_prelim_T_20260426_232913.csv,H:\FDTD outcome\struct\群论_struct\近径向高对称结构\圆环\data\radial_ring_prelim_T_20260426_232913.csv,03_光谱文本,26082,2026-04-26 23:37:16,索引引用，未重复复制
近径向高对称结构,圆环,文档,radial_ring_note_20260426_231746.md,H:\FDTD outcome\struct\群论_struct\近径向高对称结构\圆环\docs\radial_ring_note_20260426_231746.md,06_输出/报告,2115,2026-04-26 23:20:06,索引引用，未重复复制
近径向高对称结构,圆环,文档,radial_ring_note_20260426_232054.md,H:\FDTD outcome\struct\群论_struct\近径向高对称结构\圆环\docs\radial_ring_note_20260426_232054.md,06_输出/报告,2147,2026-04-26 23:23:02,索引引用，未重复复制
近径向高对称结构,圆环,文档,radial_ring_note_20260426_232353.md,H:\FDTD outcome\struct\群论_struct\近径向高对称结构\圆环\docs\radial_ring_note_20260426_232353.md,06_输出/报告,2154,2026-04-26 23:27:46,索引引用，未重复复制
近径向高对称结构,圆环,文档,radial_ring_note_20260426_232913.md,H:\FDTD outcome\struct\群论_struct\近径向高对称结构\圆环\docs\radial_ring_note_20260426_232913.md,06_输出/报告,1229,2026-04-26 23:37:17,索引引用，未重复复制
近径向高对称结构,圆环,FDTD模型,radial_ring_CodexAstra_20260426_232913.fsp,H:\FDTD outcome\struct\群论_struct\近径向高对称结构\圆环\fsp\radial_ring_CodexAstra_20260426_232913.fsp,02_FDTD模型,25802374,2026-04-26 23:37:15,索引引用，未重复复制
近径向高对称结构,圆环,日志,radial_ring_CodexAstra_20260426_232913_p0.log,H:\FDTD outcome\struct\群论_struct\近径向高对称结构\圆环\logs\radial_ring_CodexAstra_20260426_232913_p0.log,06_输出/报告,3826,2026-04-26 23:37:15,索引引用，未重复复制
近径向高对称结构,圆环,FDTD备份,radial_ring_CodexAstra_20260426_232913.fsp.bak,H:\FDTD outcome\struct\群论_struct\近径向高对称结构\圆环\other\radial_ring_CodexAstra_20260426_232913.fsp.bak,02_FDTD模型,292207,2026-04-26 23:37:15,索引引用，未重复复制
近径向高对称结构,圆环,图片,radial_ring_prelim_T_20260426_231746.png,H:\FDTD outcome\struct\群论_struct\近径向高对称结构\圆环\png\radial_ring_prelim_T_20260426_231746.png,04_场图图片,23407,2026-04-26 23:20:06,索引引用，未重复复制
近径向高对称结构,圆环,图片,radial_ring_prelim_T_20260426_232054.png,H:\FDTD outcome\struct\群论_struct\近径向高对称结构\圆环\png\radial_ring_prelim_T_20260426_232054.png,04_场图图片,23407,2026-04-26 23:23:02,索引引用，未重复复制
近径向高对称结构,圆环,图片,radial_ring_prelim_T_20260426_232353.png,H:\FDTD outcome\struct\群论_struct\近径向高对称结构\圆环\png\radial_ring_prelim_T_20260426_232353.png,04_场图图片,23407,2026-04-26 23:27:46,索引引用，未重复复制
近径向高对称结构,圆环,图片,radial_ring_prelim_T_20260426_232913.png,H:\FDTD outcome\struct\群论_struct\近径向高对称结构\圆环\png\radial_ring_prelim_T_20260426_232913.png,04_场图图片,46988,2026-04-26 23:37:17,索引引用，未重复复制
近径向高对称结构,圆环,结果JSON,radial_ring_result_20260426_232913.json,H:\FDTD outcome\struct\群论_struct\近径向高对称结构\圆环\results\radial_ring_result_20260426_232913.json,06_输出/报告,115,2026-04-26 23:37:17,索引引用，未重复复制
近径向高对称结构,圆环,脚本,radial_ring_build_20260426_231746.py,H:\FDTD outcome\struct\群论_struct\近径向高对称结构\圆环\scripts\radial_ring_build_20260426_231746.py,05_脚本,12404,2026-04-26 23:20:00,索引引用，未重复复制
近径向高对称结构,圆环,脚本,radial_ring_build_20260426_232054.py,H:\FDTD outcome\struct\群论_struct\近径向高对称结构\圆环\scripts\radial_ring_build_20260426_232054.py,05_脚本,12413,2026-04-26 23:22:56,索引引用，未重复复制
近径向高对称结构,圆环,脚本,radial_ring_build_20260426_232353.py,H:\FDTD outcome\struct\群论_struct\近径向高对称结构\圆环\scripts\radial_ring_build_20260426_232353.py,05_脚本,12624,2026-04-26 23:27:40,索引引用，未重复复制
近径向高对称结构,圆环,脚本,radial_ring_build_20260426_232913.py,H:\FDTD outcome\struct\群论_struct\近径向高对称结构\圆环\scripts\radial_ring_build_20260426_232913.py,05_脚本,12637,2026-04-26 23:36:55,索引引用，未重复复制
近径向高对称结构,同心双环,光谱或数据表,concentric_double_ring_prelim_T_20260426_232913.csv,H:\FDTD outcome\struct\群论_struct\近径向高对称结构\同心双环\data\concentric_double_ring_prelim_T_20260426_232913.csv,03_光谱文本,26083,2026-04-26 23:37:38,索引引用，未重复复制
近径向高对称结构,同心双环,文档,concentric_double_ring_note_20260426_231746.md,H:\FDTD outcome\struct\群论_struct\近径向高对称结构\同心双环\docs\concentric_double_ring_note_20260426_231746.md,06_输出/报告,2127,2026-04-26 23:20:12,索引引用，未重复复制
近径向高对称结构,同心双环,文档,concentric_double_ring_note_20260426_232054.md,H:\FDTD outcome\struct\群论_struct\近径向高对称结构\同心双环\docs\concentric_double_ring_note_20260426_232054.md,06_输出/报告,2162,2026-04-26 23:23:07,索引引用，未重复复制
近径向高对称结构,同心双环,文档,concentric_double_ring_note_20260426_232353.md,H:\FDTD outcome\struct\群论_struct\近径向高对称结构\同心双环\docs\concentric_double_ring_note_20260426_232353.md,06_输出/报告,2168,2026-04-26 23:27:51,索引引用，未重复复制
近径向高对称结构,同心双环,文档,concentric_double_ring_note_20260426_232913.md,H:\FDTD outcome\struct\群论_struct\近径向高对称结构\同心双环\docs\concentric_double_ring_note_20260426_232913.md,06_输出/报告,1241,2026-04-26 23:37:39,索引引用，未重复复制
近径向高对称结构,同心双环,FDTD模型,concentric_double_ring_CodexAstra_20260426_232913.fsp,H:\FDTD outcome\struct\群论_struct\近径向高对称结构\同心双环\fsp\concentric_double_ring_CodexAstra_20260426_232913.fsp,02_FDTD模型,25803831,2026-04-26 23:37:37,索引引用，未重复复制
近径向高对称结构,同心双环,日志,concentric_double_ring_CodexAstra_20260426_232913_p0.log,H:\FDTD outcome\struct\群论_struct\近径向高对称结构\同心双环\logs\concentric_double_ring_CodexAstra_20260426_232913_p0.log,06_输出/报告,3834,2026-04-26 23:37:37,索引引用，未重复复制
近径向高对称结构,同心双环,FDTD备份,concentric_double_ring_CodexAstra_20260426_232913.fsp.bak,H:\FDTD outcome\struct\群论_struct\近径向高对称结构\同心双环\other\concentric_double_ring_CodexAstra_20260426_232913.fsp.bak,02_FDTD模型,293664,2026-04-26 23:37:37,索引引用，未重复复制
近径向高对称结构,同心双环,图片,concentric_double_ring_prelim_T_20260426_231746.png,H:\FDTD outcome\struct\群论_struct\近径向高对称结构\同心双环\png\concentric_double_ring_prelim_T_20260426_231746.png,04_场图图片,23815,2026-04-26 23:20:12,索引引用，未重复复制
近径向高对称结构,同心双环,图片,concentric_double_ring_prelim_T_20260426_232054.png,H:\FDTD outcome\struct\群论_struct\近径向高对称结构\同心双环\png\concentric_double_ring_prelim_T_20260426_232054.png,04_场图图片,23815,2026-04-26 23:23:07,索引引用，未重复复制
近径向高对称结构,同心双环,图片,concentric_double_ring_prelim_T_20260426_232353.png,H:\FDTD outcome\struct\群论_struct\近径向高对称结构\同心双环\png\concentric_double_ring_prelim_T_20260426_232353.png,04_场图图片,23815,2026-04-26 23:27:51,索引引用，未重复复制
近径向高对称结构,同心双环,图片,concentric_double_ring_prelim_T_20260426_232913.png,H:\FDTD outcome\struct\群论_struct\近径向高对称结构\同心双环\png\concentric_double_ring_prelim_T_20260426_232913.png,04_场图图片,44973,2026-04-26 23:37:39,索引引用，未重复复制
近径向高对称结构,同心双环,结果JSON,concentric_double_ring_result_20260426_232913.json,H:\FDTD outcome\struct\群论_struct\近径向高对称结构\同心双环\results\concentric_double_ring_result_20260426_232913.json,06_输出/报告,115,2026-04-26 23:37:38,索引引用，未重复复制
近径向高对称结构,同心双环,脚本,concentric_double_ring_build_20260426_231746.py,H:\FDTD outcome\struct\群论_struct\近径向高对称结构\同心双环\scripts\concentric_double_ring_build_20260426_231746.py,05_脚本,12535,2026-04-26 23:20:06,索引引用，未重复复制
近径向高对称结构,同心双环,脚本,concentric_double_ring_build_20260426_232054.py,H:\FDTD outcome\struct\群论_struct\近径向高对称结构\同心双环\scripts\concentric_double_ring_build_20260426_232054.py,05_脚本,12544,2026-04-26 23:23:02,索引引用，未重复复制
近径向高对称结构,同心双环,脚本,concentric_double_ring_build_20260426_232353.py,H:\FDTD outcome\struct\群论_struct\近径向高对称结构\同心双环\scripts\concentric_double_ring_build_20260426_232353.py,05_脚本,12755,2026-04-26 23:27:46,索引引用，未重复复制
近径向高对称结构,同心双环,脚本,concentric_double_ring_build_20260426_232913.py,H:\FDTD outcome\struct\群论_struct\近径向高对称结构\同心双环\scripts\concentric_double_ring_build_20260426_232913.py,05_脚本,12768,2026-04-26 23:37:17,索引引用，未重复复制
近径向高对称结构,中心柱 + 外环,光谱或数据表,center_pillar_outer_ring_prelim_T_20260426_232913.csv,H:\FDTD outcome\struct\群论_struct\近径向高对称结构\中心柱 + 外环\data\center_pillar_outer_ring_prelim_T_20260426_232913.csv,03_光谱文本,26082,2026-04-26 23:38:22,索引引用，未重复复制
近径向高对称结构,中心柱 + 外环,文档,center_pillar_outer_ring_note_20260426_231746.md,H:\FDTD outcome\struct\群论_struct\近径向高对称结构\中心柱 + 外环\docs\center_pillar_outer_ring_note_20260426_231746.md,06_输出/报告,2133,2026-04-26 23:20:24,索引引用，未重复复制
近径向高对称结构,中心柱 + 外环,文档,center_pillar_outer_ring_note_20260426_232054.md,H:\FDTD outcome\struct\群论_struct\近径向高对称结构\中心柱 + 外环\docs\center_pillar_outer_ring_note_20260426_232054.md,06_输出/报告,2168,2026-04-26 23:23:19,索引引用，未重复复制
近径向高对称结构,中心柱 + 外环,文档,center_pillar_outer_ring_note_20260426_232353.md,H:\FDTD outcome\struct\群论_struct\近径向高对称结构\中心柱 + 外环\docs\center_pillar_outer_ring_note_20260426_232353.md,06_输出/报告,2174,2026-04-26 23:28:02,索引引用，未重复复制
近径向高对称结构,中心柱 + 外环,文档,center_pillar_outer_ring_note_20260426_232913.md,H:\FDTD outcome\struct\群论_struct\近径向高对称结构\中心柱 + 外环\docs\center_pillar_outer_ring_note_20260426_232913.md,06_输出/报告,1248,2026-04-26 23:38:24,索引引用，未重复复制
近径向高对称结构,中心柱 + 外环,FDTD模型,center_pillar_outer_ring_CodexAstra_20260426_232913.fsp,H:\FDTD outcome\struct\群论_struct\近径向高对称结构\中心柱 + 外环\fsp\center_pillar_outer_ring_CodexAstra_20260426_232913.fsp,02_FDTD模型,25803108,2026-04-26 23:38:21,索引引用，未重复复制
近径向高对称结构,中心柱 + 外环,日志,center_pillar_outer_ring_CodexAstra_20260426_232913_p0.log,H:\FDTD outcome\struct\群论_struct\近径向高对称结构\中心柱 + 外环\logs\center_pillar_outer_ring_CodexAstra_20260426_232913_p0.log,06_输出/报告,3847,2026-04-26 23:38:21,索引引用，未重复复制
近径向高对称结构,中心柱 + 外环,FDTD备份,center_pillar_outer_ring_CodexAstra_20260426_232913.fsp.bak,H:\FDTD outcome\struct\群论_struct\近径向高对称结构\中心柱 + 外环\other\center_pillar_outer_ring_CodexAstra_20260426_232913.fsp.bak,02_FDTD模型,292941,2026-04-26 23:38:21,索引引用，未重复复制
近径向高对称结构,中心柱 + 外环,图片,center_pillar_outer_ring_prelim_T_20260426_231746.png,H:\FDTD outcome\struct\群论_struct\近径向高对称结构\中心柱 + 外环\png\center_pillar_outer_ring_prelim_T_20260426_231746.png,04_场图图片,24030,2026-04-26 23:20:24,索引引用，未重复复制
近径向高对称结构,中心柱 + 外环,图片,center_pillar_outer_ring_prelim_T_20260426_232054.png,H:\FDTD outcome\struct\群论_struct\近径向高对称结构\中心柱 + 外环\png\center_pillar_outer_ring_prelim_T_20260426_232054.png,04_场图图片,24030,2026-04-26 23:23:19,索引引用，未重复复制
近径向高对称结构,中心柱 + 外环,图片,center_pillar_outer_ring_prelim_T_20260426_232353.png,H:\FDTD outcome\struct\群论_struct\近径向高对称结构\中心柱 + 外环\png\center_pillar_outer_ring_prelim_T_20260426_232353.png,04_场图图片,24030,2026-04-26 23:28:02,索引引用，未重复复制
近径向高对称结构,中心柱 + 外环,图片,center_pillar_outer_ring_prelim_T_20260426_232913.png,H:\FDTD outcome\struct\群论_struct\近径向高对称结构\中心柱 + 外环\png\center_pillar_outer_ring_prelim_T_20260426_232913.png,04_场图图片,44392,2026-04-26 23:38:24,索引引用，未重复复制
近径向高对称结构,中心柱 + 外环,结果JSON,center_pillar_outer_ring_result_20260426_232913.json,H:\FDTD outcome\struct\群论_struct\近径向高对称结构\中心柱 + 外环\results\center_pillar_outer_ring_result_20260426_232913.json,06_输出/报告,116,2026-04-26 23:38:23,索引引用，未重复复制
近径向高对称结构,中心柱 + 外环,脚本,center_pillar_outer_ring_build_20260426_231746.py,H:\FDTD outcome\struct\群论_struct\近径向高对称结构\中心柱 + 外环\scripts\center_pillar_outer_ring_build_20260426_231746.py,05_脚本,12597,2026-04-26 23:20:18,索引引用，未重复复制
近径向高对称结构,中心柱 + 外环,脚本,center_pillar_outer_ring_build_20260426_232054.py,H:\FDTD outcome\struct\群论_struct\近径向高对称结构\中心柱 + 外环\scripts\center_pillar_outer_ring_build_20260426_232054.py,05_脚本,12606,2026-04-26 23:23:13,索引引用，未重复复制
近径向高对称结构,中心柱 + 外环,脚本,center_pillar_outer_ring_build_20260426_232353.py,H:\FDTD outcome\struct\群论_struct\近径向高对称结构\中心柱 + 外环\scripts\center_pillar_outer_ring_build_20260426_232353.py,05_脚本,12817,2026-04-26 23:27:56,索引引用，未重复复制
近径向高对称结构,中心柱 + 外环,脚本,center_pillar_outer_ring_build_20260426_232913.py,H:\FDTD outcome\struct\群论_struct\近径向高对称结构\中心柱 + 外环\scripts\center_pillar_outer_ring_build_20260426_232913.py,05_脚本,12830,2026-04-26 23:38:01,索引引用，未重复复制
近径向高对称结构,Bullseye 多环,光谱或数据表,bullseye_multi_ring_prelim_T_20260426_232913.csv,H:\FDTD outcome\struct\群论_struct\近径向高对称结构\Bullseye 多环\data\bullseye_multi_ring_prelim_T_20260426_232913.csv,03_光谱文本,26083,2026-04-26 23:38:00,索引引用，未重复复制
近径向高对称结构,Bullseye 多环,文档,bullseye_multi_ring_note_20260426_231746.md,H:\FDTD outcome\struct\群论_struct\近径向高对称结构\Bullseye 多环\docs\bullseye_multi_ring_note_20260426_231746.md,06_输出/报告,2133,2026-04-26 23:20:18,索引引用，未重复复制
近径向高对称结构,Bullseye 多环,文档,bullseye_multi_ring_note_20260426_232054.md,H:\FDTD outcome\struct\群论_struct\近径向高对称结构\Bullseye 多环\docs\bullseye_multi_ring_note_20260426_232054.md,06_输出/报告,2168,2026-04-26 23:23:13,索引引用，未重复复制
近径向高对称结构,Bullseye 多环,文档,bullseye_multi_ring_note_20260426_232353.md,H:\FDTD outcome\struct\群论_struct\近径向高对称结构\Bullseye 多环\docs\bullseye_multi_ring_note_20260426_232353.md,06_输出/报告,2174,2026-04-26 23:27:56,索引引用，未重复复制
近径向高对称结构,Bullseye 多环,文档,bullseye_multi_ring_note_20260426_232913.md,H:\FDTD outcome\struct\群论_struct\近径向高对称结构\Bullseye 多环\docs\bullseye_multi_ring_note_20260426_232913.md,06_输出/报告,1247,2026-04-26 23:38:01,索引引用，未重复复制
近径向高对称结构,Bullseye 多环,FDTD模型,bullseye_multi_ring_CodexAstra_20260426_232913.fsp,H:\FDTD outcome\struct\群论_struct\近径向高对称结构\Bullseye 多环\fsp\bullseye_multi_ring_CodexAstra_20260426_232913.fsp,02_FDTD模型,25806042,2026-04-26 23:37:59,索引引用，未重复复制
近径向高对称结构,Bullseye 多环,日志,bullseye_multi_ring_CodexAstra_20260426_232913_p0.log,H:\FDTD outcome\struct\群论_struct\近径向高对称结构\Bullseye 多环\logs\bullseye_multi_ring_CodexAstra_20260426_232913_p0.log,06_输出/报告,3832,2026-04-26 23:37:59,索引引用，未重复复制
近径向高对称结构,Bullseye 多环,FDTD备份,bullseye_multi_ring_CodexAstra_20260426_232913.fsp.bak,H:\FDTD outcome\struct\群论_struct\近径向高对称结构\Bullseye 多环\other\bullseye_multi_ring_CodexAstra_20260426_232913.fsp.bak,02_FDTD模型,295875,2026-04-26 23:37:59,索引引用，未重复复制
近径向高对称结构,Bullseye 多环,图片,bullseye_multi_ring_prelim_T_20260426_231746.png,H:\FDTD outcome\struct\群论_struct\近径向高对称结构\Bullseye 多环\png\bullseye_multi_ring_prelim_T_20260426_231746.png,04_场图图片,23888,2026-04-26 23:20:18,索引引用，未重复复制
近径向高对称结构,Bullseye 多环,图片,bullseye_multi_ring_prelim_T_20260426_232054.png,H:\FDTD outcome\struct\群论_struct\近径向高对称结构\Bullseye 多环\png\bullseye_multi_ring_prelim_T_20260426_232054.png,04_场图图片,23888,2026-04-26 23:23:13,索引引用，未重复复制
近径向高对称结构,Bullseye 多环,图片,bullseye_multi_ring_prelim_T_20260426_232353.png,H:\FDTD outcome\struct\群论_struct\近径向高对称结构\Bullseye 多环\png\bullseye_multi_ring_prelim_T_20260426_232353.png,04_场图图片,23888,2026-04-26 23:27:56,索引引用，未重复复制
近径向高对称结构,Bullseye 多环,图片,bullseye_multi_ring_prelim_T_20260426_232913.png,H:\FDTD outcome\struct\群论_struct\近径向高对称结构\Bullseye 多环\png\bullseye_multi_ring_prelim_T_20260426_232913.png,04_场图图片,41728,2026-04-26 23:38:01,索引引用，未重复复制
近径向高对称结构,Bullseye 多环,结果JSON,bullseye_multi_ring_result_20260426_232913.json,H:\FDTD outcome\struct\群论_struct\近径向高对称结构\Bullseye 多环\results\bullseye_multi_ring_result_20260426_232913.json,06_输出/报告,115,2026-04-26 23:38:00,索引引用，未重复复制
近径向高对称结构,Bullseye 多环,脚本,bullseye_multi_ring_build_20260426_231746.py,H:\FDTD outcome\struct\群论_struct\近径向高对称结构\Bullseye 多环\scripts\bullseye_multi_ring_build_20260426_231746.py,05_脚本,12541,2026-04-26 23:20:12,索引引用，未重复复制
近径向高对称结构,Bullseye 多环,脚本,bullseye_multi_ring_build_20260426_232054.py,H:\FDTD outcome\struct\群论_struct\近径向高对称结构\Bullseye 多环\scripts\bullseye_multi_ring_build_20260426_232054.py,05_脚本,12550,2026-04-26 23:23:07,索引引用，未重复复制
近径向高对称结构,Bullseye 多环,脚本,bullseye_multi_ring_build_20260426_232353.py,H:\FDTD outcome\struct\群论_struct\近径向高对称结构\Bullseye 多环\scripts\bullseye_multi_ring_build_20260426_232353.py,05_脚本,12761,2026-04-26 23:27:51,索引引用，未重复复制
近径向高对称结构,Bullseye 多环,脚本,bullseye_multi_ring_build_20260426_232913.py,H:\FDTD outcome\struct\群论_struct\近径向高对称结构\Bullseye 多环\scripts\bullseye_multi_ring_build_20260426_232913.py,05_脚本,12774,2026-04-26 23:37:39,索引引用，未重复复制
C6对称结构,正六边块_不予采纳,光谱或数据表,hex_block_prelim_T_20260426_232913.csv,H:\FDTD outcome\struct\群论_struct\C6对称结构\正六边块_不予采纳\data\hex_block_prelim_T_20260426_232913.csv,03_光谱文本,26082,2026-04-26 23:33:40,索引引用，未重复复制
C6对称结构,正六边块_不予采纳,文档,hex_block_note_20260426_231746.md,H:\FDTD outcome\struct\群论_struct\C6对称结构\正六边块_不予采纳\docs\hex_block_note_20260426_231746.md,06_输出/报告,2093,2026-04-26 23:19:06,索引引用，未重复复制
C6对称结构,正六边块_不予采纳,文档,hex_block_note_20260426_232054.md,H:\FDTD outcome\struct\群论_struct\C6对称结构\正六边块_不予采纳\docs\hex_block_note_20260426_232054.md,06_输出/报告,2122,2026-04-26 23:22:08,索引引用，未重复复制
C6对称结构,正六边块_不予采纳,文档,hex_block_note_20260426_232353.md,H:\FDTD outcome\struct\群论_struct\C6对称结构\正六边块_不予采纳\docs\hex_block_note_20260426_232353.md,06_输出/报告,2127,2026-04-26 23:26:20,索引引用，未重复复制
C6对称结构,正六边块_不予采纳,文档,hex_block_note_20260426_232913.md,H:\FDTD outcome\struct\群论_struct\C6对称结构\正六边块_不予采纳\docs\hex_block_note_20260426_232913.md,06_输出/报告,1209,2026-04-26 23:33:42,索引引用，未重复复制
C6对称结构,正六边块_不予采纳,FDTD模型,hex_block_CodexAstra_20260426_232913.fsp,H:\FDTD outcome\struct\群论_struct\C6对称结构\正六边块_不予采纳\fsp\hex_block_CodexAstra_20260426_232913.fsp,02_FDTD模型,25801657,2026-04-26 23:33:39,索引引用，未重复复制
C6对称结构,正六边块_不予采纳,日志,hex_block_CodexAstra_20260426_232913_p0.log,H:\FDTD outcome\struct\群论_struct\C6对称结构\正六边块_不予采纳\logs\hex_block_CodexAstra_20260426_232913_p0.log,06_输出/报告,3810,2026-04-26 23:33:39,索引引用，未重复复制
C6对称结构,正六边块_不予采纳,FDTD备份,hex_block_CodexAstra_20260426_232913.fsp.bak,H:\FDTD outcome\struct\群论_struct\C6对称结构\正六边块_不予采纳\other\hex_block_CodexAstra_20260426_232913.fsp.bak,02_FDTD模型,291490,2026-04-26 23:33:39,索引引用，未重复复制
C6对称结构,正六边块_不予采纳,图片,hex_block_prelim_T_20260426_231746.png,H:\FDTD outcome\struct\群论_struct\C6对称结构\正六边块_不予采纳\png\hex_block_prelim_T_20260426_231746.png,04_场图图片,23123,2026-04-26 23:19:06,索引引用，未重复复制
C6对称结构,正六边块_不予采纳,图片,hex_block_prelim_T_20260426_232054.png,H:\FDTD outcome\struct\群论_struct\C6对称结构\正六边块_不予采纳\png\hex_block_prelim_T_20260426_232054.png,04_场图图片,23123,2026-04-26 23:22:07,索引引用，未重复复制
C6对称结构,正六边块_不予采纳,图片,hex_block_prelim_T_20260426_232353.png,H:\FDTD outcome\struct\群论_struct\C6对称结构\正六边块_不予采纳\png\hex_block_prelim_T_20260426_232353.png,04_场图图片,23123,2026-04-26 23:26:20,索引引用，未重复复制
C6对称结构,正六边块_不予采纳,图片,hex_block_prelim_T_20260426_232913.png,H:\FDTD outcome\struct\群论_struct\C6对称结构\正六边块_不予采纳\png\hex_block_prelim_T_20260426_232913.png,04_场图图片,55539,2026-04-26 23:33:42,索引引用，未重复复制
C6对称结构,正六边块_不予采纳,结果JSON,hex_block_result_20260426_232913.json,H:\FDTD outcome\struct\群论_struct\C6对称结构\正六边块_不予采纳\results\hex_block_result_20260426_232913.json,06_输出/报告,117,2026-04-26 23:33:41,索引引用，未重复复制
C6对称结构,正六边块_不予采纳,脚本,hex_block_build_20260426_231746.py,H:\FDTD outcome\struct\群论_struct\C6对称结构\正六边块_不予采纳\scripts\hex_block_build_20260426_231746.py,05_脚本,12340,2026-04-26 23:18:59,索引引用，未重复复制
C6对称结构,正六边块_不予采纳,脚本,hex_block_build_20260426_232054.py,H:\FDTD outcome\struct\群论_struct\C6对称结构\正六边块_不予采纳\scripts\hex_block_build_20260426_232054.py,05_脚本,12349,2026-04-26 23:22:02,索引引用，未重复复制
C6对称结构,正六边块_不予采纳,脚本,hex_block_build_20260426_232353.py,H:\FDTD outcome\struct\群论_struct\C6对称结构\正六边块_不予采纳\scripts\hex_block_build_20260426_232353.py,05_脚本,12560,2026-04-26 23:26:14,索引引用，未重复复制
C6对称结构,正六边块_不予采纳,脚本,hex_block_build_20260426_232913.py,H:\FDTD outcome\struct\群论_struct\C6对称结构\正六边块_不予采纳\scripts\hex_block_build_20260426_232913.py,05_脚本,12573,2026-04-26 23:33:19,索引引用，未重复复制
C6对称结构,六裂缝环,光谱或数据表,six_slit_ring_prelim_T_20260426_232913.csv,H:\FDTD outcome\struct\群论_struct\C6对称结构\六裂缝环\data\six_slit_ring_prelim_T_20260426_232913.csv,03_光谱文本,26083,2026-04-26 23:35:09,索引引用，未重复复制
C6对称结构,六裂缝环,文档,six_slit_ring_note_20260426_231746.md,H:\FDTD outcome\struct\群论_struct\C6对称结构\六裂缝环\docs\six_slit_ring_note_20260426_231746.md,06_输出/报告,2107,2026-04-26 23:19:31,索引引用，未重复复制
C6对称结构,六裂缝环,文档,six_slit_ring_note_20260426_232054.md,H:\FDTD outcome\struct\群论_struct\C6对称结构\六裂缝环\docs\six_slit_ring_note_20260426_232054.md,06_输出/报告,2142,2026-04-26 23:22:29,索引引用，未重复复制
C6对称结构,六裂缝环,文档,six_slit_ring_note_20260426_232353.md,H:\FDTD outcome\struct\群论_struct\C6对称结构\六裂缝环\docs\six_slit_ring_note_20260426_232353.md,06_输出/报告,2150,2026-04-26 23:26:57,索引引用，未重复复制
C6对称结构,六裂缝环,文档,six_slit_ring_note_20260426_232913.md,H:\FDTD outcome\struct\群论_struct\C6对称结构\六裂缝环\docs\six_slit_ring_note_20260426_232913.md,06_输出/报告,1221,2026-04-26 23:35:09,索引引用，未重复复制
C6对称结构,六裂缝环,FDTD模型,six_slit_ring_CodexAstra_20260426_232913.fsp,H:\FDTD outcome\struct\群论_struct\C6对称结构\六裂缝环\fsp\six_slit_ring_CodexAstra_20260426_232913.fsp,02_FDTD模型,25807366,2026-04-26 23:35:08,索引引用，未重复复制
C6对称结构,六裂缝环,日志,six_slit_ring_CodexAstra_20260426_232913_p0.log,H:\FDTD outcome\struct\群论_struct\C6对称结构\六裂缝环\logs\six_slit_ring_CodexAstra_20260426_232913_p0.log,06_输出/报告,3822,2026-04-26 23:35:08,索引引用，未重复复制
C6对称结构,六裂缝环,FDTD备份,six_slit_ring_CodexAstra_20260426_232913.fsp.bak,H:\FDTD outcome\struct\群论_struct\C6对称结构\六裂缝环\other\six_slit_ring_CodexAstra_20260426_232913.fsp.bak,02_FDTD模型,297199,2026-04-26 23:35:08,索引引用，未重复复制
C6对称结构,六裂缝环,图片,six_slit_ring_prelim_T_20260426_231746.png,H:\FDTD outcome\struct\群论_struct\C6对称结构\六裂缝环\png\six_slit_ring_prelim_T_20260426_231746.png,04_场图图片,23382,2026-04-26 23:19:31,索引引用，未重复复制
C6对称结构,六裂缝环,图片,six_slit_ring_prelim_T_20260426_232054.png,H:\FDTD outcome\struct\群论_struct\C6对称结构\六裂缝环\png\six_slit_ring_prelim_T_20260426_232054.png,04_场图图片,23382,2026-04-26 23:22:29,索引引用，未重复复制
C6对称结构,六裂缝环,图片,six_slit_ring_prelim_T_20260426_232353.png,H:\FDTD outcome\struct\群论_struct\C6对称结构\六裂缝环\png\six_slit_ring_prelim_T_20260426_232353.png,04_场图图片,23382,2026-04-26 23:26:57,索引引用，未重复复制
C6对称结构,六裂缝环,图片,six_slit_ring_prelim_T_20260426_232913.png,H:\FDTD outcome\struct\群论_struct\C6对称结构\六裂缝环\png\six_slit_ring_prelim_T_20260426_232913.png,04_场图图片,45354,2026-04-26 23:35:09,索引引用，未重复复制
C6对称结构,六裂缝环,结果JSON,six_slit_ring_result_20260426_232913.json,H:\FDTD outcome\struct\群论_struct\C6对称结构\六裂缝环\results\six_slit_ring_result_20260426_232913.json,06_输出/报告,115,2026-04-26 23:35:09,索引引用，未重复复制
C6对称结构,六裂缝环,脚本,six_slit_ring_build_20260426_231746.py,H:\FDTD outcome\struct\群论_struct\C6对称结构\六裂缝环\scripts\six_slit_ring_build_20260426_231746.py,05_脚本,12382,2026-04-26 23:19:25,索引引用，未重复复制
C6对称结构,六裂缝环,脚本,six_slit_ring_build_20260426_232054.py,H:\FDTD outcome\struct\群论_struct\C6对称结构\六裂缝环\scripts\six_slit_ring_build_20260426_232054.py,05_脚本,12391,2026-04-26 23:22:24,索引引用，未重复复制
C6对称结构,六裂缝环,脚本,six_slit_ring_build_20260426_232353.py,H:\FDTD outcome\struct\群论_struct\C6对称结构\六裂缝环\scripts\six_slit_ring_build_20260426_232353.py,05_脚本,12602,2026-04-26 23:26:52,索引引用，未重复复制
C6对称结构,六裂缝环,脚本,six_slit_ring_build_20260426_232913.py,H:\FDTD outcome\struct\群论_struct\C6对称结构\六裂缝环\scripts\six_slit_ring_build_20260426_232913.py,05_脚本,12615,2026-04-26 23:34:48,索引引用，未重复复制
C6对称结构,六臂星,光谱或数据表,six_arm_star_prelim_T_20260426_232353.csv,H:\FDTD outcome\struct\群论_struct\C6对称结构\六臂星\data\six_arm_star_prelim_T_20260426_232353.csv,03_光谱文本,26067,2026-04-26 23:26:46,索引引用，未重复复制
C6对称结构,六臂星,光谱或数据表,six_arm_star_prelim_T_20260426_232913.csv,H:\FDTD outcome\struct\群论_struct\C6对称结构\六臂星\data\six_arm_star_prelim_T_20260426_232913.csv,03_光谱文本,26067,2026-04-26 23:34:25,索引引用，未重复复制
C6对称结构,六臂星,文档,six_arm_star_note_20260426_231746.md,H:\FDTD outcome\struct\群论_struct\C6对称结构\六臂星\docs\six_arm_star_note_20260426_231746.md,06_输出/报告,2098,2026-04-26 23:19:19,索引引用，未重复复制
C6对称结构,六臂星,文档,six_arm_star_note_20260426_232054.md,H:\FDTD outcome\struct\群论_struct\C6对称结构\六臂星\docs\six_arm_star_note_20260426_232054.md,06_输出/报告,2124,2026-04-26 23:22:18,索引引用，未重复复制
C6对称结构,六臂星,文档,six_arm_star_note_20260426_232353.md,H:\FDTD outcome\struct\群论_struct\C6对称结构\六臂星\docs\six_arm_star_note_20260426_232353.md,06_输出/报告,1212,2026-04-26 23:26:47,索引引用，未重复复制
C6对称结构,六臂星,文档,six_arm_star_note_20260426_232913.md,H:\FDTD outcome\struct\群论_struct\C6对称结构\六臂星\docs\six_arm_star_note_20260426_232913.md,06_输出/报告,1212,2026-04-26 23:34:26,索引引用，未重复复制
C6对称结构,六臂星,FDTD模型,six_arm_star_CodexAstra_20260426_232353.fsp,H:\FDTD outcome\struct\群论_struct\C6对称结构\六臂星\fsp\six_arm_star_CodexAstra_20260426_232353.fsp,02_FDTD模型,25803401,2026-04-26 23:26:45,索引引用，未重复复制
C6对称结构,六臂星,FDTD模型,six_arm_star_CodexAstra_20260426_232913.fsp,H:\FDTD outcome\struct\群论_struct\C6对称结构\六臂星\fsp\six_arm_star_CodexAstra_20260426_232913.fsp,02_FDTD模型,25803401,2026-04-26 23:34:24,索引引用，未重复复制
C6对称结构,六臂星,日志,six_arm_star_CodexAstra_20260426_232353_p0.log,H:\FDTD outcome\struct\群论_struct\C6对称结构\六臂星\logs\six_arm_star_CodexAstra_20260426_232353_p0.log,06_输出/报告,3823,2026-04-26 23:26:45,索引引用，未重复复制
C6对称结构,六臂星,日志,six_arm_star_CodexAstra_20260426_232913_p0.log,H:\FDTD outcome\struct\群论_struct\C6对称结构\六臂星\logs\six_arm_star_CodexAstra_20260426_232913_p0.log,06_输出/报告,3820,2026-04-26 23:34:24,索引引用，未重复复制
C6对称结构,六臂星,FDTD备份,six_arm_star_CodexAstra_20260426_232353.fsp.bak,H:\FDTD outcome\struct\群论_struct\C6对称结构\六臂星\other\six_arm_star_CodexAstra_20260426_232353.fsp.bak,02_FDTD模型,293234,2026-04-26 23:26:45,索引引用，未重复复制
C6对称结构,六臂星,FDTD备份,six_arm_star_CodexAstra_20260426_232913.fsp.bak,H:\FDTD outcome\struct\群论_struct\C6对称结构\六臂星\other\six_arm_star_CodexAstra_20260426_232913.fsp.bak,02_FDTD模型,293234,2026-04-26 23:34:24,索引引用，未重复复制
C6对称结构,六臂星,图片,six_arm_star_prelim_T_20260426_231746.png,H:\FDTD outcome\struct\群论_struct\C6对称结构\六臂星\png\six_arm_star_prelim_T_20260426_231746.png,04_场图图片,22924,2026-04-26 23:19:19,索引引用，未重复复制
C6对称结构,六臂星,图片,six_arm_star_prelim_T_20260426_232054.png,H:\FDTD outcome\struct\群论_struct\C6对称结构\六臂星\png\six_arm_star_prelim_T_20260426_232054.png,04_场图图片,22924,2026-04-26 23:22:18,索引引用，未重复复制
C6对称结构,六臂星,图片,six_arm_star_prelim_T_20260426_232353.png,H:\FDTD outcome\struct\群论_struct\C6对称结构\六臂星\png\six_arm_star_prelim_T_20260426_232353.png,04_场图图片,45111,2026-04-26 23:26:47,索引引用，未重复复制
C6对称结构,六臂星,图片,six_arm_star_prelim_T_20260426_232913.png,H:\FDTD outcome\struct\群论_struct\C6对称结构\六臂星\png\six_arm_star_prelim_T_20260426_232913.png,04_场图图片,45111,2026-04-26 23:34:26,索引引用，未重复复制
C6对称结构,六臂星,结果JSON,six_arm_star_result_20260426_232353.json,H:\FDTD outcome\struct\群论_struct\C6对称结构\六臂星\results\six_arm_star_result_20260426_232353.json,06_输出/报告,115,2026-04-26 23:26:46,索引引用，未重复复制
C6对称结构,六臂星,结果JSON,six_arm_star_result_20260426_232913.json,H:\FDTD outcome\struct\群论_struct\C6对称结构\六臂星\results\six_arm_star_result_20260426_232913.json,06_输出/报告,115,2026-04-26 23:34:26,索引引用，未重复复制
C6对称结构,六臂星,脚本,six_arm_star_build_20260426_231746.py,H:\FDTD outcome\struct\群论_struct\C6对称结构\六臂星\scripts\six_arm_star_build_20260426_231746.py,05_脚本,12345,2026-04-26 23:19:13,索引引用，未重复复制
C6对称结构,六臂星,脚本,six_arm_star_build_20260426_232054.py,H:\FDTD outcome\struct\群论_struct\C6对称结构\六臂星\scripts\six_arm_star_build_20260426_232054.py,05_脚本,12354,2026-04-26 23:22:13,索引引用，未重复复制
C6对称结构,六臂星,脚本,six_arm_star_build_20260426_232353.py,H:\FDTD outcome\struct\群论_struct\C6对称结构\六臂星\scripts\six_arm_star_build_20260426_232353.py,05_脚本,12565,2026-04-26 23:26:25,索引引用，未重复复制
C6对称结构,六臂星,脚本,six_arm_star_build_20260426_232913.py,H:\FDTD outcome\struct\群论_struct\C6对称结构\六臂星\scripts\six_arm_star_build_20260426_232913.py,05_脚本,12578,2026-04-26 23:34:03,索引引用，未重复复制
C6对称结构,六柱环,光谱或数据表,six_pillar_ring_prelim_T_20260426_232913.csv,H:\FDTD outcome\struct\群论_struct\C6对称结构\六柱环\data\six_pillar_ring_prelim_T_20260426_232913.csv,03_光谱文本,26083,2026-04-26 23:34:02,索引引用，未重复复制
C6对称结构,六柱环,文档,six_pillar_ring_note_20260426_231746.md,H:\FDTD outcome\struct\群论_struct\C6对称结构\六柱环\docs\six_pillar_ring_note_20260426_231746.md,06_输出/报告,2096,2026-04-26 23:19:13,索引引用，未重复复制
C6对称结构,六柱环,文档,six_pillar_ring_note_20260426_232054.md,H:\FDTD outcome\struct\群论_struct\C6对称结构\六柱环\docs\six_pillar_ring_note_20260426_232054.md,06_输出/报告,2122,2026-04-26 23:22:13,索引引用，未重复复制
C6对称结构,六柱环,文档,six_pillar_ring_note_20260426_232353.md,H:\FDTD outcome\struct\群论_struct\C6对称结构\六柱环\docs\six_pillar_ring_note_20260426_232353.md,06_输出/报告,2125,2026-04-26 23:26:25,索引引用，未重复复制
C6对称结构,六柱环,文档,six_pillar_ring_note_20260426_232913.md,H:\FDTD outcome\struct\群论_struct\C6对称结构\六柱环\docs\six_pillar_ring_note_20260426_232913.md,06_输出/报告,1209,2026-04-26 23:34:03,索引引用，未重复复制
C6对称结构,六柱环,FDTD模型,six_pillar_ring_CodexAstra_20260426_232913.fsp,H:\FDTD outcome\struct\群论_struct\C6对称结构\六柱环\fsp\six_pillar_ring_CodexAstra_20260426_232913.fsp,02_FDTD模型,25805285,2026-04-27 09:36:04,索引引用，未重复复制
C6对称结构,六柱环,FDTD备份,six_pillar_ring_CodexAstra_20260426_232913.fsp.bak,H:\FDTD outcome\struct\群论_struct\C6对称结构\六柱环\fsp\six_pillar_ring_CodexAstra_20260426_232913.fsp.bak,02_FDTD模型,295102,2026-04-27 09:36:04,索引引用，未重复复制
C6对称结构,六柱环,日志,six_pillar_ring_CodexAstra_20260426_232913_p0.log,H:\FDTD outcome\struct\群论_struct\C6对称结构\六柱环\fsp\six_pillar_ring_CodexAstra_20260426_232913_p0.log,06_输出/报告,4135,2026-04-27 09:36:04,索引引用，未重复复制
C6对称结构,六柱环,日志,six_pillar_ring_CodexAstra_20260426_232913_p0.log,H:\FDTD outcome\struct\群论_struct\C6对称结构\六柱环\logs\six_pillar_ring_CodexAstra_20260426_232913_p0.log,06_输出/报告,3807,2026-04-26 23:34:01,索引引用，未重复复制
C6对称结构,六柱环,FDTD备份,six_pillar_ring_CodexAstra_20260426_232913.fsp.bak,H:\FDTD outcome\struct\群论_struct\C6对称结构\六柱环\other\six_pillar_ring_CodexAstra_20260426_232913.fsp.bak,02_FDTD模型,295106,2026-04-26 23:34:01,索引引用，未重复复制
C6对称结构,六柱环,图片,six_pillar_ring_prelim_T_20260426_231746.png,H:\FDTD outcome\struct\群论_struct\C6对称结构\六柱环\png\six_pillar_ring_prelim_T_20260426_231746.png,04_场图图片,23056,2026-04-26 23:19:13,索引引用，未重复复制
C6对称结构,六柱环,图片,six_pillar_ring_prelim_T_20260426_232054.png,H:\FDTD outcome\struct\群论_struct\C6对称结构\六柱环\png\six_pillar_ring_prelim_T_20260426_232054.png,04_场图图片,23056,2026-04-26 23:22:13,索引引用，未重复复制
C6对称结构,六柱环,图片,six_pillar_ring_prelim_T_20260426_232353.png,H:\FDTD outcome\struct\群论_struct\C6对称结构\六柱环\png\six_pillar_ring_prelim_T_20260426_232353.png,04_场图图片,23056,2026-04-26 23:26:25,索引引用，未重复复制
C6对称结构,六柱环,图片,six_pillar_ring_prelim_T_20260426_232913.png,H:\FDTD outcome\struct\群论_struct\C6对称结构\六柱环\png\six_pillar_ring_prelim_T_20260426_232913.png,04_场图图片,41248,2026-04-26 23:34:03,索引引用，未重复复制
C6对称结构,六柱环,结果JSON,six_pillar_ring_result_20260426_232913.json,H:\FDTD outcome\struct\群论_struct\C6对称结构\六柱环\results\six_pillar_ring_result_20260426_232913.json,06_输出/报告,114,2026-04-26 23:34:03,索引引用，未重复复制
C6对称结构,六柱环,脚本,six_pillar_ring_build_20260426_231746.py,H:\FDTD outcome\struct\群论_struct\C6对称结构\六柱环\scripts\six_pillar_ring_build_20260426_231746.py,05_脚本,12364,2026-04-26 23:19:06,索引引用，未重复复制
C6对称结构,六柱环,脚本,six_pillar_ring_build_20260426_232054.py,H:\FDTD outcome\struct\群论_struct\C6对称结构\六柱环\scripts\six_pillar_ring_build_20260426_232054.py,05_脚本,12373,2026-04-26 23:22:08,索引引用，未重复复制
C6对称结构,六柱环,脚本,six_pillar_ring_build_20260426_232353.py,H:\FDTD outcome\struct\群论_struct\C6对称结构\六柱环\scripts\six_pillar_ring_build_20260426_232353.py,05_脚本,12584,2026-04-26 23:26:20,索引引用，未重复复制
C6对称结构,六柱环,脚本,six_pillar_ring_build_20260426_232913.py,H:\FDTD outcome\struct\群论_struct\C6对称结构\六柱环\scripts\six_pillar_ring_build_20260426_232913.py,05_脚本,12597,2026-04-26 23:33:42,索引引用，未重复复制
C6对称结构,六孔环,光谱或数据表,six_hole_ring_prelim_T_20260426_232913.csv,H:\FDTD outcome\struct\群论_struct\C6对称结构\六孔环\data\six_hole_ring_prelim_T_20260426_232913.csv,03_光谱文本,26082,2026-04-26 23:34:47,索引引用，未重复复制
C6对称结构,六孔环,文档,six_hole_ring_note_20260426_231746.md,H:\FDTD outcome\struct\群论_struct\C6对称结构\六孔环\docs\six_hole_ring_note_20260426_231746.md,06_输出/报告,2092,2026-04-26 23:19:25,索引引用，未重复复制
C6对称结构,六孔环,文档,six_hole_ring_note_20260426_232054.md,H:\FDTD outcome\struct\群论_struct\C6对称结构\六孔环\docs\six_hole_ring_note_20260426_232054.md,06_输出/报告,2121,2026-04-26 23:22:24,索引引用，未重复复制
C6对称结构,六孔环,文档,six_hole_ring_note_20260426_232353.md,H:\FDTD outcome\struct\群论_struct\C6对称结构\六孔环\docs\six_hole_ring_note_20260426_232353.md,06_输出/报告,2127,2026-04-26 23:26:52,索引引用，未重复复制
C6对称结构,六孔环,文档,six_hole_ring_note_20260426_232913.md,H:\FDTD outcome\struct\群论_struct\C6对称结构\六孔环\docs\six_hole_ring_note_20260426_232913.md,06_输出/报告,1207,2026-04-26 23:34:48,索引引用，未重复复制
C6对称结构,六孔环,FDTD模型,six_hole_ring_CodexAstra_20260426_232913.fsp,H:\FDTD outcome\struct\群论_struct\C6对称结构\六孔环\fsp\six_hole_ring_CodexAstra_20260426_232913.fsp,02_FDTD模型,25805997,2026-04-26 23:34:46,索引引用，未重复复制
C6对称结构,六孔环,日志,six_hole_ring_CodexAstra_20260426_232913_p0.log,H:\FDTD outcome\struct\群论_struct\C6对称结构\六孔环\logs\six_hole_ring_CodexAstra_20260426_232913_p0.log,06_输出/报告,3812,2026-04-26 23:34:46,索引引用，未重复复制
C6对称结构,六孔环,FDTD备份,six_hole_ring_CodexAstra_20260426_232913.fsp.bak,H:\FDTD outcome\struct\群论_struct\C6对称结构\六孔环\other\six_hole_ring_CodexAstra_20260426_232913.fsp.bak,02_FDTD模型,295830,2026-04-26 23:34:46,索引引用，未重复复制
C6对称结构,六孔环,图片,six_hole_ring_prelim_T_20260426_231746.png,H:\FDTD outcome\struct\群论_struct\C6对称结构\六孔环\png\six_hole_ring_prelim_T_20260426_231746.png,04_场图图片,23015,2026-04-26 23:19:25,索引引用，未重复复制
C6对称结构,六孔环,图片,six_hole_ring_prelim_T_20260426_232054.png,H:\FDTD outcome\struct\群论_struct\C6对称结构\六孔环\png\six_hole_ring_prelim_T_20260426_232054.png,04_场图图片,23015,2026-04-26 23:22:24,索引引用，未重复复制
C6对称结构,六孔环,图片,six_hole_ring_prelim_T_20260426_232353.png,H:\FDTD outcome\struct\群论_struct\C6对称结构\六孔环\png\six_hole_ring_prelim_T_20260426_232353.png,04_场图图片,23015,2026-04-26 23:26:52,索引引用，未重复复制
C6对称结构,六孔环,图片,six_hole_ring_prelim_T_20260426_232913.png,H:\FDTD outcome\struct\群论_struct\C6对称结构\六孔环\png\six_hole_ring_prelim_T_20260426_232913.png,04_场图图片,56346,2026-04-26 23:34:48,索引引用，未重复复制
C6对称结构,六孔环,结果JSON,six_hole_ring_result_20260426_232913.json,H:\FDTD outcome\struct\群论_struct\C6对称结构\六孔环\results\six_hole_ring_result_20260426_232913.json,06_输出/报告,116,2026-04-26 23:34:47,索引引用，未重复复制
C6对称结构,六孔环,脚本,six_hole_ring_build_20260426_231746.py,H:\FDTD outcome\struct\群论_struct\C6对称结构\六孔环\scripts\six_hole_ring_build_20260426_231746.py,05_脚本,12346,2026-04-26 23:19:19,索引引用，未重复复制
C6对称结构,六孔环,脚本,six_hole_ring_build_20260426_232054.py,H:\FDTD outcome\struct\群论_struct\C6对称结构\六孔环\scripts\six_hole_ring_build_20260426_232054.py,05_脚本,12355,2026-04-26 23:22:18,索引引用，未重复复制
C6对称结构,六孔环,脚本,six_hole_ring_build_20260426_232353.py,H:\FDTD outcome\struct\群论_struct\C6对称结构\六孔环\scripts\six_hole_ring_build_20260426_232353.py,05_脚本,12566,2026-04-26 23:26:47,索引引用，未重复复制
C6对称结构,六孔环,脚本,six_hole_ring_build_20260426_232913.py,H:\FDTD outcome\struct\群论_struct\C6对称结构\六孔环\scripts\six_hole_ring_build_20260426_232913.py,05_脚本,12579,2026-04-26 23:34:26,索引引用，未重复复制
C4对称结构,正方块,光谱或数据表,square_block_prelim_T_20260426_232353.csv,H:\FDTD outcome\struct\群论_struct\C4对称结构\正方块\data\square_block_prelim_T_20260426_232353.csv,03_光谱文本,26083,2026-04-26 23:25:57,索引引用，未重复复制
C4对称结构,正方块,光谱或数据表,square_block_prelim_T_20260426_232913.csv,H:\FDTD outcome\struct\群论_struct\C4对称结构\正方块\data\square_block_prelim_T_20260426_232913.csv,03_光谱文本,26083,2026-04-26 23:32:14,索引引用，未重复复制
C4对称结构,正方块,文档,square_block_note_20260426_231746.md,H:\FDTD outcome\struct\群论_struct\C4对称结构\正方块\docs\square_block_note_20260426_231746.md,06_输出/报告,2096,2026-04-26 23:18:42,索引引用，未重复复制
C4对称结构,正方块,文档,square_block_note_20260426_232054.md,H:\FDTD outcome\struct\群论_struct\C4对称结构\正方块\docs\square_block_note_20260426_232054.md,06_输出/报告,2122,2026-04-26 23:21:44,索引引用，未重复复制
C4对称结构,正方块,文档,square_block_note_20260426_232353.md,H:\FDTD outcome\struct\群论_struct\C4对称结构\正方块\docs\square_block_note_20260426_232353.md,06_输出/报告,1212,2026-04-26 23:25:58,索引引用，未重复复制
C4对称结构,正方块,文档,square_block_note_20260426_232913.md,H:\FDTD outcome\struct\群论_struct\C4对称结构\正方块\docs\square_block_note_20260426_232913.md,06_输出/报告,1212,2026-04-26 23:32:15,索引引用，未重复复制
C4对称结构,正方块,FDTD模型,square_block_CodexAstra_20260426_232353.fsp,H:\FDTD outcome\struct\群论_struct\C4对称结构\正方块\fsp\square_block_CodexAstra_20260426_232353.fsp,02_FDTD模型,25801750,2026-04-26 23:25:56,索引引用，未重复复制
C4对称结构,正方块,FDTD模型,square_block_CodexAstra_20260426_232913.fsp,H:\FDTD outcome\struct\群论_struct\C4对称结构\正方块\fsp\square_block_CodexAstra_20260426_232913.fsp,02_FDTD模型,25801750,2026-04-26 23:32:13,索引引用，未重复复制
C4对称结构,正方块,日志,square_block_CodexAstra_20260426_232353_p0.log,H:\FDTD outcome\struct\群论_struct\C4对称结构\正方块\logs\square_block_CodexAstra_20260426_232353_p0.log,06_输出/报告,3814,2026-04-26 23:25:56,索引引用，未重复复制
C4对称结构,正方块,日志,square_block_CodexAstra_20260426_232913_p0.log,H:\FDTD outcome\struct\群论_struct\C4对称结构\正方块\logs\square_block_CodexAstra_20260426_232913_p0.log,06_输出/报告,3815,2026-04-26 23:32:13,索引引用，未重复复制
C4对称结构,正方块,FDTD备份,square_block_CodexAstra_20260426_232353.fsp.bak,H:\FDTD outcome\struct\群论_struct\C4对称结构\正方块\other\square_block_CodexAstra_20260426_232353.fsp.bak,02_FDTD模型,291583,2026-04-26 23:25:56,索引引用，未重复复制
C4对称结构,正方块,FDTD备份,square_block_CodexAstra_20260426_232913.fsp.bak,H:\FDTD outcome\struct\群论_struct\C4对称结构\正方块\other\square_block_CodexAstra_20260426_232913.fsp.bak,02_FDTD模型,291583,2026-04-26 23:32:13,索引引用，未重复复制
C4对称结构,正方块,图片,square_block_prelim_T_20260426_231746.png,H:\FDTD outcome\struct\群论_struct\C4对称结构\正方块\png\square_block_prelim_T_20260426_231746.png,04_场图图片,22846,2026-04-26 23:18:42,索引引用，未重复复制
C4对称结构,正方块,图片,square_block_prelim_T_20260426_232054.png,H:\FDTD outcome\struct\群论_struct\C4对称结构\正方块\png\square_block_prelim_T_20260426_232054.png,04_场图图片,22846,2026-04-26 23:21:44,索引引用，未重复复制
C4对称结构,正方块,图片,square_block_prelim_T_20260426_232353.png,H:\FDTD outcome\struct\群论_struct\C4对称结构\正方块\png\square_block_prelim_T_20260426_232353.png,04_场图图片,54986,2026-04-26 23:25:58,索引引用，未重复复制
C4对称结构,正方块,图片,square_block_prelim_T_20260426_232913.png,H:\FDTD outcome\struct\群论_struct\C4对称结构\正方块\png\square_block_prelim_T_20260426_232913.png,04_场图图片,54986,2026-04-26 23:32:15,索引引用，未重复复制
C4对称结构,正方块,结果JSON,square_block_result_20260426_232353.json,H:\FDTD outcome\struct\群论_struct\C4对称结构\正方块\results\square_block_result_20260426_232353.json,06_输出/报告,117,2026-04-26 23:25:57,索引引用，未重复复制
C4对称结构,正方块,结果JSON,square_block_result_20260426_232913.json,H:\FDTD outcome\struct\群论_struct\C4对称结构\正方块\results\square_block_result_20260426_232913.json,06_输出/报告,117,2026-04-26 23:32:14,索引引用，未重复复制
C4对称结构,正方块,脚本,square_block_build_20260426_231746.py,H:\FDTD outcome\struct\群论_struct\C4对称结构\正方块\scripts\square_block_build_20260426_231746.py,05_脚本,12343,2026-04-26 23:18:36,索引引用，未重复复制
C4对称结构,正方块,脚本,square_block_build_20260426_232054.py,H:\FDTD outcome\struct\群论_struct\C4对称结构\正方块\scripts\square_block_build_20260426_232054.py,05_脚本,12352,2026-04-26 23:21:38,索引引用，未重复复制
C4对称结构,正方块,脚本,square_block_build_20260426_232353.py,H:\FDTD outcome\struct\群论_struct\C4对称结构\正方块\scripts\square_block_build_20260426_232353.py,05_脚本,12563,2026-04-26 23:25:36,索引引用，未重复复制
C4对称结构,正方块,脚本,square_block_build_20260426_232913.py,H:\FDTD outcome\struct\群论_struct\C4对称结构\正方块\scripts\square_block_build_20260426_232913.py,05_脚本,12576,2026-04-26 23:31:49,索引引用，未重复复制
C4对称结构,方环,光谱或数据表,square_ring_prelim_T_20260426_232353.csv,H:\FDTD outcome\struct\群论_struct\C4对称结构\方环\data\square_ring_prelim_T_20260426_232353.csv,03_光谱文本,26082,2026-04-26 23:25:36,索引引用，未重复复制
C4对称结构,方环,光谱或数据表,square_ring_prelim_T_20260426_232913.csv,H:\FDTD outcome\struct\群论_struct\C4对称结构\方环\data\square_ring_prelim_T_20260426_232913.csv,03_光谱文本,26082,2026-04-26 23:31:48,索引引用，未重复复制
C4对称结构,方环,文档,square_ring_note_20260426_231746.md,H:\FDTD outcome\struct\群论_struct\C4对称结构\方环\docs\square_ring_note_20260426_231746.md,06_输出/报告,2098,2026-04-26 23:18:36,索引引用，未重复复制
C4对称结构,方环,文档,square_ring_note_20260426_232054.md,H:\FDTD outcome\struct\群论_struct\C4对称结构\方环\docs\square_ring_note_20260426_232054.md,06_输出/报告,2124,2026-04-26 23:21:38,索引引用，未重复复制
C4对称结构,方环,文档,square_ring_note_20260426_232353.md,H:\FDTD outcome\struct\群论_struct\C4对称结构\方环\docs\square_ring_note_20260426_232353.md,06_输出/报告,1212,2026-04-26 23:25:36,索引引用，未重复复制
C4对称结构,方环,文档,square_ring_note_20260426_232913.md,H:\FDTD outcome\struct\群论_struct\C4对称结构\方环\docs\square_ring_note_20260426_232913.md,06_输出/报告,1212,2026-04-26 23:31:49,索引引用，未重复复制
C4对称结构,方环,FDTD模型,square_ring_CodexAstra_20260426_232353.fsp,H:\FDTD outcome\struct\群论_struct\C4对称结构\方环\fsp\square_ring_CodexAstra_20260426_232353.fsp,02_FDTD模型,25802590,2026-04-26 23:25:34,索引引用，未重复复制
C4对称结构,方环,FDTD模型,square_ring_CodexAstra_20260426_232913.fsp,H:\FDTD outcome\struct\群论_struct\C4对称结构\方环\fsp\square_ring_CodexAstra_20260426_232913.fsp,02_FDTD模型,25802590,2026-04-26 23:31:47,索引引用，未重复复制
C4对称结构,方环,日志,square_ring_CodexAstra_20260426_232353_p0.log,H:\FDTD outcome\struct\群论_struct\C4对称结构\方环\logs\square_ring_CodexAstra_20260426_232353_p0.log,06_输出/报告,3814,2026-04-26 23:25:34,索引引用，未重复复制
C4对称结构,方环,日志,square_ring_CodexAstra_20260426_232913_p0.log,H:\FDTD outcome\struct\群论_struct\C4对称结构\方环\logs\square_ring_CodexAstra_20260426_232913_p0.log,06_输出/报告,3819,2026-04-26 23:31:47,索引引用，未重复复制
C4对称结构,方环,FDTD备份,square_ring_CodexAstra_20260426_232353.fsp.bak,H:\FDTD outcome\struct\群论_struct\C4对称结构\方环\other\square_ring_CodexAstra_20260426_232353.fsp.bak,02_FDTD模型,292423,2026-04-26 23:25:34,索引引用，未重复复制
C4对称结构,方环,FDTD备份,square_ring_CodexAstra_20260426_232913.fsp.bak,H:\FDTD outcome\struct\群论_struct\C4对称结构\方环\other\square_ring_CodexAstra_20260426_232913.fsp.bak,02_FDTD模型,292423,2026-04-26 23:31:47,索引引用，未重复复制
C4对称结构,方环,图片,square_ring_prelim_T_20260426_231746.png,H:\FDTD outcome\struct\群论_struct\C4对称结构\方环\png\square_ring_prelim_T_20260426_231746.png,04_场图图片,22819,2026-04-26 23:18:36,索引引用，未重复复制
C4对称结构,方环,图片,square_ring_prelim_T_20260426_232054.png,H:\FDTD outcome\struct\群论_struct\C4对称结构\方环\png\square_ring_prelim_T_20260426_232054.png,04_场图图片,22819,2026-04-26 23:21:38,索引引用，未重复复制
C4对称结构,方环,图片,square_ring_prelim_T_20260426_232353.png,H:\FDTD outcome\struct\群论_struct\C4对称结构\方环\png\square_ring_prelim_T_20260426_232353.png,04_场图图片,47489,2026-04-26 23:25:36,索引引用，未重复复制
C4对称结构,方环,图片,square_ring_prelim_T_20260426_232913.png,H:\FDTD outcome\struct\群论_struct\C4对称结构\方环\png\square_ring_prelim_T_20260426_232913.png,04_场图图片,47489,2026-04-26 23:31:49,索引引用，未重复复制
C4对称结构,方环,结果JSON,square_ring_result_20260426_232353.json,H:\FDTD outcome\struct\群论_struct\C4对称结构\方环\results\square_ring_result_20260426_232353.json,06_输出/报告,115,2026-04-26 23:25:36,索引引用，未重复复制
C4对称结构,方环,结果JSON,square_ring_result_20260426_232913.json,H:\FDTD outcome\struct\群论_struct\C4对称结构\方环\results\square_ring_result_20260426_232913.json,06_输出/报告,115,2026-04-26 23:31:48,索引引用，未重复复制
C4对称结构,方环,脚本,square_ring_build_20260426_231746.py,H:\FDTD outcome\struct\群论_struct\C4对称结构\方环\scripts\square_ring_build_20260426_231746.py,05_脚本,12317,2026-04-26 23:18:29,索引引用，未重复复制
C4对称结构,方环,脚本,square_ring_build_20260426_232054.py,H:\FDTD outcome\struct\群论_struct\C4对称结构\方环\scripts\square_ring_build_20260426_232054.py,05_脚本,12326,2026-04-26 23:21:33,索引引用，未重复复制
C4对称结构,方环,脚本,square_ring_build_20260426_232353.py,H:\FDTD outcome\struct\群论_struct\C4对称结构\方环\scripts\square_ring_build_20260426_232353.py,05_脚本,12537,2026-04-26 23:25:15,索引引用，未重复复制
C4对称结构,方环,脚本,square_ring_build_20260426_232913.py,H:\FDTD outcome\struct\群论_struct\C4对称结构\方环\scripts\square_ring_build_20260426_232913.py,05_脚本,12550,2026-04-26 23:31:21,索引引用，未重复复制
C4对称结构,四裂缝环,光谱或数据表,four_slit_ring_prelim_T_20260426_232913.csv,H:\FDTD outcome\struct\群论_struct\C4对称结构\四裂缝环\data\four_slit_ring_prelim_T_20260426_232913.csv,03_光谱文本,26083,2026-04-26 23:33:18,索引引用，未重复复制
C4对称结构,四裂缝环,文档,four_slit_ring_note_20260426_231746.md,H:\FDTD outcome\struct\群论_struct\C4对称结构\四裂缝环\docs\four_slit_ring_note_20260426_231746.md,06_输出/报告,2107,2026-04-26 23:18:59,索引引用，未重复复制
C4对称结构,四裂缝环,文档,four_slit_ring_note_20260426_232054.md,H:\FDTD outcome\struct\群论_struct\C4对称结构\四裂缝环\docs\four_slit_ring_note_20260426_232054.md,06_输出/报告,2142,2026-04-26 23:22:02,索引引用，未重复复制
C4对称结构,四裂缝环,文档,four_slit_ring_note_20260426_232353.md,H:\FDTD outcome\struct\群论_struct\C4对称结构\四裂缝环\docs\four_slit_ring_note_20260426_232353.md,06_输出/报告,2150,2026-04-26 23:26:14,索引引用，未重复复制
C4对称结构,四裂缝环,文档,four_slit_ring_note_20260426_232913.md,H:\FDTD outcome\struct\群论_struct\C4对称结构\四裂缝环\docs\four_slit_ring_note_20260426_232913.md,06_输出/报告,1221,2026-04-26 23:33:19,索引引用，未重复复制
C4对称结构,四裂缝环,FDTD模型,four_slit_ring_CodexAstra_20260426_232913.fsp,H:\FDTD outcome\struct\群论_struct\C4对称结构\四裂缝环\fsp\four_slit_ring_CodexAstra_20260426_232913.fsp,02_FDTD模型,25805654,2026-04-26 23:33:17,索引引用，未重复复制
C4对称结构,四裂缝环,日志,four_slit_ring_CodexAstra_20260426_232913_p0.log,H:\FDTD outcome\struct\群论_struct\C4对称结构\四裂缝环\logs\four_slit_ring_CodexAstra_20260426_232913_p0.log,06_输出/报告,3687,2026-04-26 23:33:17,索引引用，未重复复制
C4对称结构,四裂缝环,FDTD备份,four_slit_ring_CodexAstra_20260426_232913.fsp.bak,H:\FDTD outcome\struct\群论_struct\C4对称结构\四裂缝环\other\four_slit_ring_CodexAstra_20260426_232913.fsp.bak,02_FDTD模型,295535,2026-04-26 23:33:17,索引引用，未重复复制
C4对称结构,四裂缝环,图片,four_slit_ring_prelim_T_20260426_231746.png,H:\FDTD outcome\struct\群论_struct\C4对称结构\四裂缝环\png\four_slit_ring_prelim_T_20260426_231746.png,04_场图图片,23370,2026-04-26 23:18:59,索引引用，未重复复制
C4对称结构,四裂缝环,图片,four_slit_ring_prelim_T_20260426_232054.png,H:\FDTD outcome\struct\群论_struct\C4对称结构\四裂缝环\png\four_slit_ring_prelim_T_20260426_232054.png,04_场图图片,23370,2026-04-26 23:22:02,索引引用，未重复复制
C4对称结构,四裂缝环,图片,four_slit_ring_prelim_T_20260426_232353.png,H:\FDTD outcome\struct\群论_struct\C4对称结构\四裂缝环\png\four_slit_ring_prelim_T_20260426_232353.png,04_场图图片,23370,2026-04-26 23:26:14,索引引用，未重复复制
C4对称结构,四裂缝环,图片,four_slit_ring_prelim_T_20260426_232913.png,H:\FDTD outcome\struct\群论_struct\C4对称结构\四裂缝环\png\four_slit_ring_prelim_T_20260426_232913.png,04_场图图片,46087,2026-04-26 23:33:19,索引引用，未重复复制
C4对称结构,四裂缝环,结果JSON,four_slit_ring_result_20260426_232913.json,H:\FDTD outcome\struct\群论_struct\C4对称结构\四裂缝环\results\four_slit_ring_result_20260426_232913.json,06_输出/报告,115,2026-04-26 23:33:18,索引引用，未重复复制
C4对称结构,四裂缝环,脚本,four_slit_ring_build_20260426_231746.py,H:\FDTD outcome\struct\群论_struct\C4对称结构\四裂缝环\scripts\four_slit_ring_build_20260426_231746.py,05_脚本,12389,2026-04-26 23:18:53,索引引用，未重复复制
C4对称结构,四裂缝环,脚本,four_slit_ring_build_20260426_232054.py,H:\FDTD outcome\struct\群论_struct\C4对称结构\四裂缝环\scripts\four_slit_ring_build_20260426_232054.py,05_脚本,12398,2026-04-26 23:21:57,索引引用，未重复复制
C4对称结构,四裂缝环,脚本,four_slit_ring_build_20260426_232353.py,H:\FDTD outcome\struct\群论_struct\C4对称结构\四裂缝环\scripts\four_slit_ring_build_20260426_232353.py,05_脚本,12609,2026-04-26 23:26:09,索引引用，未重复复制
C4对称结构,四裂缝环,脚本,four_slit_ring_build_20260426_232913.py,H:\FDTD outcome\struct\群论_struct\C4对称结构\四裂缝环\scripts\four_slit_ring_build_20260426_232913.py,05_脚本,12622,2026-04-26 23:33:02,索引引用，未重复复制
C4对称结构,四柱簇,光谱或数据表,four_pillar_cluster_prelim_T_20260426_232913.csv,H:\FDTD outcome\struct\群论_struct\C4对称结构\四柱簇\data\four_pillar_cluster_prelim_T_20260426_232913.csv,03_光谱文本,26083,2026-04-26 23:32:40,索引引用，未重复复制
C4对称结构,四柱簇,文档,four_pillar_cluster_note_20260426_231746.md,H:\FDTD outcome\struct\群论_struct\C4对称结构\四柱簇\docs\four_pillar_cluster_note_20260426_231746.md,06_输出/报告,2116,2026-04-26 23:18:48,索引引用，未重复复制
C4对称结构,四柱簇,文档,four_pillar_cluster_note_20260426_232054.md,H:\FDTD outcome\struct\群论_struct\C4对称结构\四柱簇\docs\four_pillar_cluster_note_20260426_232054.md,06_输出/报告,2142,2026-04-26 23:21:49,索引引用，未重复复制
C4对称结构,四柱簇,文档,four_pillar_cluster_note_20260426_232353.md,H:\FDTD outcome\struct\群论_struct\C4对称结构\四柱簇\docs\four_pillar_cluster_note_20260426_232353.md,06_输出/报告,2146,2026-04-26 23:26:03,索引引用，未重复复制
C4对称结构,四柱簇,文档,four_pillar_cluster_note_20260426_232913.md,H:\FDTD outcome\struct\群论_struct\C4对称结构\四柱簇\docs\four_pillar_cluster_note_20260426_232913.md,06_输出/报告,1229,2026-04-26 23:32:41,索引引用，未重复复制
C4对称结构,四柱簇,FDTD模型,four_pillar_cluster_CodexAstra_20260426_232913.fsp,H:\FDTD outcome\struct\群论_struct\C4对称结构\四柱簇\fsp\four_pillar_cluster_CodexAstra_20260426_232913.fsp,02_FDTD模型,25803639,2026-04-27 10:00:51,索引引用，未重复复制
C4对称结构,四柱簇,FDTD备份,four_pillar_cluster_CodexAstra_20260426_232913.fsp.bak,H:\FDTD outcome\struct\群论_struct\C4对称结构\四柱簇\fsp\four_pillar_cluster_CodexAstra_20260426_232913.fsp.bak,02_FDTD模型,293648,2026-04-27 10:00:51,索引引用，未重复复制
C4对称结构,四柱簇,日志,four_pillar_cluster_CodexAstra_20260426_232913_p0.log,H:\FDTD outcome\struct\群论_struct\C4对称结构\四柱簇\fsp\four_pillar_cluster_CodexAstra_20260426_232913_p0.log,06_输出/报告,3156,2026-04-27 10:00:51,索引引用，未重复复制
C4对称结构,四柱簇,日志,four_pillar_cluster_CodexAstra_20260426_232913_p0.log,H:\FDTD outcome\struct\群论_struct\C4对称结构\四柱簇\logs\four_pillar_cluster_CodexAstra_20260426_232913_p0.log,06_输出/报告,3826,2026-04-26 23:32:39,索引引用，未重复复制
C4对称结构,四柱簇,FDTD备份,four_pillar_cluster_CodexAstra_20260426_232913.fsp.bak,H:\FDTD outcome\struct\群论_struct\C4对称结构\四柱簇\other\four_pillar_cluster_CodexAstra_20260426_232913.fsp.bak,02_FDTD模型,293652,2026-04-26 23:32:39,索引引用，未重复复制
C4对称结构,四柱簇,图片,four_pillar_cluster_prelim_T_20260426_231746.png,H:\FDTD outcome\struct\群论_struct\C4对称结构\四柱簇\png\four_pillar_cluster_prelim_T_20260426_231746.png,04_场图图片,23157,2026-04-26 23:18:48,索引引用，未重复复制
C4对称结构,四柱簇,图片,four_pillar_cluster_prelim_T_20260426_232054.png,H:\FDTD outcome\struct\群论_struct\C4对称结构\四柱簇\png\four_pillar_cluster_prelim_T_20260426_232054.png,04_场图图片,23157,2026-04-26 23:21:49,索引引用，未重复复制
C4对称结构,四柱簇,图片,four_pillar_cluster_prelim_T_20260426_232353.png,H:\FDTD outcome\struct\群论_struct\C4对称结构\四柱簇\png\four_pillar_cluster_prelim_T_20260426_232353.png,04_场图图片,23157,2026-04-26 23:26:03,索引引用，未重复复制
C4对称结构,四柱簇,图片,four_pillar_cluster_prelim_T_20260426_232913.png,H:\FDTD outcome\struct\群论_struct\C4对称结构\四柱簇\png\four_pillar_cluster_prelim_T_20260426_232913.png,04_场图图片,40310,2026-04-26 23:32:41,索引引用，未重复复制
C4对称结构,四柱簇,结果JSON,four_pillar_cluster_result_20260426_232913.json,H:\FDTD outcome\struct\群论_struct\C4对称结构\四柱簇\results\four_pillar_cluster_result_20260426_232913.json,06_输出/报告,114,2026-04-26 23:32:41,索引引用，未重复复制
C4对称结构,四柱簇,脚本,four_pillar_cluster_build_20260426_231746.py,H:\FDTD outcome\struct\群论_struct\C4对称结构\四柱簇\scripts\four_pillar_cluster_build_20260426_231746.py,05_脚本,12412,2026-04-26 23:18:42,索引引用，未重复复制
C4对称结构,四柱簇,脚本,four_pillar_cluster_build_20260426_232054.py,H:\FDTD outcome\struct\群论_struct\C4对称结构\四柱簇\scripts\four_pillar_cluster_build_20260426_232054.py,05_脚本,12421,2026-04-26 23:21:44,索引引用，未重复复制
C4对称结构,四柱簇,脚本,four_pillar_cluster_build_20260426_232353.py,H:\FDTD outcome\struct\群论_struct\C4对称结构\四柱簇\scripts\four_pillar_cluster_build_20260426_232353.py,05_脚本,12632,2026-04-26 23:25:58,索引引用，未重复复制
C4对称结构,四柱簇,脚本,four_pillar_cluster_build_20260426_232913.py,H:\FDTD outcome\struct\群论_struct\C4对称结构\四柱簇\scripts\four_pillar_cluster_build_20260426_232913.py,05_脚本,12645,2026-04-26 23:32:15,索引引用，未重复复制
C4对称结构,四孔方块,光谱或数据表,four_hole_square_prelim_T_20260426_232913.csv,H:\FDTD outcome\struct\群论_struct\C4对称结构\四孔方块\data\four_hole_square_prelim_T_20260426_232913.csv,03_光谱文本,26083,2026-04-26 23:33:01,索引引用，未重复复制
C4对称结构,四孔方块,文档,four_hole_square_note_20260426_231746.md,H:\FDTD outcome\struct\群论_struct\C4对称结构\四孔方块\docs\four_hole_square_note_20260426_231746.md,06_输出/报告,2099,2026-04-26 23:18:53,索引引用，未重复复制
C4对称结构,四孔方块,文档,four_hole_square_note_20260426_232054.md,H:\FDTD outcome\struct\群论_struct\C4对称结构\四孔方块\docs\four_hole_square_note_20260426_232054.md,06_输出/报告,2131,2026-04-26 23:21:57,索引引用，未重复复制
C4对称结构,四孔方块,文档,four_hole_square_note_20260426_232353.md,H:\FDTD outcome\struct\群论_struct\C4对称结构\四孔方块\docs\four_hole_square_note_20260426_232353.md,06_输出/报告,2136,2026-04-26 23:26:09,索引引用，未重复复制
C4对称结构,四孔方块,文档,four_hole_square_note_20260426_232913.md,H:\FDTD outcome\struct\群论_struct\C4对称结构\四孔方块\docs\four_hole_square_note_20260426_232913.md,06_输出/报告,1214,2026-04-26 23:33:02,索引引用，未重复复制
C4对称结构,四孔方块,FDTD模型,four_hole_square_CodexAstra_20260426_232913.fsp,H:\FDTD outcome\struct\群论_struct\C4对称结构\四孔方块\fsp\four_hole_square_CodexAstra_20260426_232913.fsp,02_FDTD模型,25804537,2026-04-27 09:43:24,索引引用，未重复复制
C4对称结构,四孔方块,FDTD备份,four_hole_square_CodexAstra_20260426_232913.fsp.bak,H:\FDTD outcome\struct\群论_struct\C4对称结构\四孔方块\fsp\four_hole_square_CodexAstra_20260426_232913.fsp.bak,02_FDTD模型,294482,2026-04-27 09:43:24,索引引用，未重复复制
C4对称结构,四孔方块,日志,four_hole_square_CodexAstra_20260426_232913_p0.log,H:\FDTD outcome\struct\群论_struct\C4对称结构\四孔方块\fsp\four_hole_square_CodexAstra_20260426_232913_p0.log,06_输出/报告,3499,2026-04-27 09:43:24,索引引用，未重复复制
C4对称结构,四孔方块,日志,four_hole_square_CodexAstra_20260426_232913_p0.log,H:\FDTD outcome\struct\群论_struct\C4对称结构\四孔方块\logs\four_hole_square_CodexAstra_20260426_232913_p0.log,06_输出/报告,3745,2026-04-26 23:33:00,索引引用，未重复复制
C4对称结构,四孔方块,FDTD备份,four_hole_square_CodexAstra_20260426_232913.fsp.bak,H:\FDTD outcome\struct\群论_struct\C4对称结构\四孔方块\other\four_hole_square_CodexAstra_20260426_232913.fsp.bak,02_FDTD模型,294486,2026-04-26 23:33:00,索引引用，未重复复制
C4对称结构,四孔方块,图片,four_hole_square_prelim_T_20260426_231746.png,H:\FDTD outcome\struct\群论_struct\C4对称结构\四孔方块\png\four_hole_square_prelim_T_20260426_231746.png,04_场图图片,23152,2026-04-26 23:18:53,索引引用，未重复复制
C4对称结构,四孔方块,图片,four_hole_square_prelim_T_20260426_232054.png,H:\FDTD outcome\struct\群论_struct\C4对称结构\四孔方块\png\four_hole_square_prelim_T_20260426_232054.png,04_场图图片,23152,2026-04-26 23:21:57,索引引用，未重复复制
C4对称结构,四孔方块,图片,four_hole_square_prelim_T_20260426_232353.png,H:\FDTD outcome\struct\群论_struct\C4对称结构\四孔方块\png\four_hole_square_prelim_T_20260426_232353.png,04_场图图片,23152,2026-04-26 23:26:09,索引引用，未重复复制
C4对称结构,四孔方块,图片,four_hole_square_prelim_T_20260426_232913.png,H:\FDTD outcome\struct\群论_struct\C4对称结构\四孔方块\png\four_hole_square_prelim_T_20260426_232913.png,04_场图图片,56963,2026-04-26 23:33:02,索引引用，未重复复制
C4对称结构,四孔方块,结果JSON,four_hole_square_result_20260426_232913.json,H:\FDTD outcome\struct\群论_struct\C4对称结构\四孔方块\results\four_hole_square_result_20260426_232913.json,06_输出/报告,116,2026-04-26 23:33:01,索引引用，未重复复制
C4对称结构,四孔方块,脚本,four_hole_square_build_20260426_231746.py,H:\FDTD outcome\struct\群论_struct\C4对称结构\四孔方块\scripts\four_hole_square_build_20260426_231746.py,05_脚本,12395,2026-04-26 23:18:48,索引引用，未重复复制
C4对称结构,四孔方块,脚本,four_hole_square_build_20260426_232054.py,H:\FDTD outcome\struct\群论_struct\C4对称结构\四孔方块\scripts\four_hole_square_build_20260426_232054.py,05_脚本,12404,2026-04-26 23:21:49,索引引用，未重复复制
C4对称结构,四孔方块,脚本,four_hole_square_build_20260426_232353.py,H:\FDTD outcome\struct\群论_struct\C4对称结构\四孔方块\scripts\four_hole_square_build_20260426_232353.py,05_脚本,12615,2026-04-26 23:26:03,索引引用，未重复复制
C4对称结构,四孔方块,脚本,four_hole_square_build_20260426_232913.py,H:\FDTD outcome\struct\群论_struct\C4对称结构\四孔方块\scripts\four_hole_square_build_20260426_232913.py,05_脚本,12628,2026-04-26 23:32:41,索引引用，未重复复制
C4对称结构,十字,光谱或数据表,cross_prelim_T_20260426_232353.csv,H:\FDTD outcome\struct\群论_struct\C4对称结构\十字\data\cross_prelim_T_20260426_232353.csv,03_光谱文本,26072,2026-04-26 23:25:14,索引引用，未重复复制
C4对称结构,十字,光谱或数据表,cross_prelim_T_20260426_232913.csv,H:\FDTD outcome\struct\群论_struct\C4对称结构\十字\data\cross_prelim_T_20260426_232913.csv,03_光谱文本,26072,2026-04-26 23:31:20,索引引用，未重复复制
C4对称结构,十字,文档,cross_note_20260426_231746.md,H:\FDTD outcome\struct\群论_struct\C4对称结构\十字\docs\cross_note_20260426_231746.md,06_输出/报告,2094,2026-04-26 23:18:29,索引引用，未重复复制
C4对称结构,十字,文档,cross_note_20260426_232054.md,H:\FDTD outcome\struct\群论_struct\C4对称结构\十字\docs\cross_note_20260426_232054.md,06_输出/报告,2123,2026-04-26 23:21:33,索引引用，未重复复制
C4对称结构,十字,文档,cross_note_20260426_232353.md,H:\FDTD outcome\struct\群论_struct\C4对称结构\十字\docs\cross_note_20260426_232353.md,06_输出/报告,1207,2026-04-26 23:25:15,索引引用，未重复复制
C4对称结构,十字,文档,cross_note_20260426_232913.md,H:\FDTD outcome\struct\群论_struct\C4对称结构\十字\docs\cross_note_20260426_232913.md,06_输出/报告,1207,2026-04-26 23:31:21,索引引用，未重复复制
C4对称结构,十字,FDTD模型,cross_CodexAstra_20260426_232353.fsp,H:\FDTD outcome\struct\群论_struct\C4对称结构\十字\fsp\cross_CodexAstra_20260426_232353.fsp,02_FDTD模型,25802595,2026-04-26 23:25:13,索引引用，未重复复制
C4对称结构,十字,FDTD模型,cross_CodexAstra_20260426_232913.fsp,H:\FDTD outcome\struct\群论_struct\C4对称结构\十字\fsp\cross_CodexAstra_20260426_232913.fsp,02_FDTD模型,25802595,2026-04-26 23:31:19,索引引用，未重复复制
C4对称结构,十字,日志,cross_CodexAstra_20260426_232353_p0.log,H:\FDTD outcome\struct\群论_struct\C4对称结构\十字\logs\cross_CodexAstra_20260426_232353_p0.log,06_输出/报告,3808,2026-04-26 23:25:13,索引引用，未重复复制
C4对称结构,十字,日志,cross_CodexAstra_20260426_232913_p0.log,H:\FDTD outcome\struct\群论_struct\C4对称结构\十字\logs\cross_CodexAstra_20260426_232913_p0.log,06_输出/报告,3811,2026-04-26 23:31:19,索引引用，未重复复制
C4对称结构,十字,FDTD备份,cross_CodexAstra_20260426_232353.fsp.bak,H:\FDTD outcome\struct\群论_struct\C4对称结构\十字\other\cross_CodexAstra_20260426_232353.fsp.bak,02_FDTD模型,292428,2026-04-26 23:25:13,索引引用，未重复复制
C4对称结构,十字,FDTD备份,cross_CodexAstra_20260426_232913.fsp.bak,H:\FDTD outcome\struct\群论_struct\C4对称结构\十字\other\cross_CodexAstra_20260426_232913.fsp.bak,02_FDTD模型,292428,2026-04-26 23:31:19,索引引用，未重复复制
C4对称结构,十字,图片,cross_prelim_T_20260426_231746.png,H:\FDTD outcome\struct\群论_struct\C4对称结构\十字\png\cross_prelim_T_20260426_231746.png,04_场图图片,22603,2026-04-26 23:18:29,索引引用，未重复复制
C4对称结构,十字,图片,cross_prelim_T_20260426_232054.png,H:\FDTD outcome\struct\群论_struct\C4对称结构\十字\png\cross_prelim_T_20260426_232054.png,04_场图图片,22603,2026-04-26 23:21:33,索引引用，未重复复制
C4对称结构,十字,图片,cross_prelim_T_20260426_232353.png,H:\FDTD outcome\struct\群论_struct\C4对称结构\十字\png\cross_prelim_T_20260426_232353.png,04_场图图片,45536,2026-04-26 23:25:15,索引引用，未重复复制
C4对称结构,十字,图片,cross_prelim_T_20260426_232913.png,H:\FDTD outcome\struct\群论_struct\C4对称结构\十字\png\cross_prelim_T_20260426_232913.png,04_场图图片,45536,2026-04-26 23:31:21,索引引用，未重复复制
C4对称结构,十字,结果JSON,cross_result_20260426_232353.json,H:\FDTD outcome\struct\群论_struct\C4对称结构\十字\results\cross_result_20260426_232353.json,06_输出/报告,114,2026-04-26 23:25:14,索引引用，未重复复制
C4对称结构,十字,结果JSON,cross_result_20260426_232913.json,H:\FDTD outcome\struct\群论_struct\C4对称结构\十字\results\cross_result_20260426_232913.json,06_输出/报告,114,2026-04-26 23:31:20,索引引用，未重复复制
C4对称结构,十字,脚本,cross_build_20260426_231746.py,H:\FDTD outcome\struct\群论_struct\C4对称结构\十字\scripts\cross_build_20260426_231746.py,05_脚本,12271,2026-04-26 23:18:23,索引引用，未重复复制
C4对称结构,十字,脚本,cross_build_20260426_232054.py,H:\FDTD outcome\struct\群论_struct\C4对称结构\十字\scripts\cross_build_20260426_232054.py,05_脚本,12280,2026-04-26 23:21:27,索引引用，未重复复制
C4对称结构,十字,脚本,cross_build_20260426_232353.py,H:\FDTD outcome\struct\群论_struct\C4对称结构\十字\scripts\cross_build_20260426_232353.py,05_脚本,12491,2026-04-26 23:24:53,索引引用，未重复复制
C4对称结构,十字,脚本,cross_build_20260426_232913.py,H:\FDTD outcome\struct\群论_struct\C4对称结构\十字\scripts\cross_build_20260426_232913.py,05_脚本,12504,2026-04-26 23:30:59,索引引用，未重复复制
C3对称结构,三裂缝环,光谱或数据表,three_slit_ring_prelim_T_20260426_232913.csv,H:\FDTD outcome\struct\群论_struct\C3对称结构\三裂缝环\data\three_slit_ring_prelim_T_20260426_232913.csv,03_光谱文本,26083,2026-04-26 23:36:33,索引引用，未重复复制
C3对称结构,三裂缝环,文档,three_slit_ring_note_20260426_231746.md,H:\FDTD outcome\struct\群论_struct\C3对称结构\三裂缝环\docs\three_slit_ring_note_20260426_231746.md,06_输出/报告,2105,2026-04-26 23:19:55,索引引用，未重复复制
C3对称结构,三裂缝环,文档,three_slit_ring_note_20260426_232054.md,H:\FDTD outcome\struct\群论_struct\C3对称结构\三裂缝环\docs\three_slit_ring_note_20260426_232054.md,06_输出/报告,2140,2026-04-26 23:22:51,索引引用，未重复复制
C3对称结构,三裂缝环,文档,three_slit_ring_note_20260426_232353.md,H:\FDTD outcome\struct\群论_struct\C3对称结构\三裂缝环\docs\three_slit_ring_note_20260426_232353.md,06_输出/报告,2148,2026-04-26 23:27:35,索引引用，未重复复制
C3对称结构,三裂缝环,文档,three_slit_ring_note_20260426_232913.md,H:\FDTD outcome\struct\群论_struct\C3对称结构\三裂缝环\docs\three_slit_ring_note_20260426_232913.md,06_输出/报告,1221,2026-04-26 23:36:34,索引引用，未重复复制
C3对称结构,三裂缝环,FDTD模型,three_slit_ring_CodexAstra_20260426_232913.fsp,H:\FDTD outcome\struct\群论_struct\C3对称结构\三裂缝环\fsp\three_slit_ring_CodexAstra_20260426_232913.fsp,02_FDTD模型,25805570,2026-04-27 10:22:17,索引引用，未重复复制
C3对称结构,三裂缝环,FDTD备份,three_slit_ring_CodexAstra_20260426_232913.fsp.bak,H:\FDTD outcome\struct\群论_struct\C3对称结构\三裂缝环\fsp\three_slit_ring_CodexAstra_20260426_232913.fsp.bak,02_FDTD模型,294699,2026-04-27 10:22:17,索引引用，未重复复制
C3对称结构,三裂缝环,日志,three_slit_ring_CodexAstra_20260426_232913_p0.log,H:\FDTD outcome\struct\群论_struct\C3对称结构\三裂缝环\fsp\three_slit_ring_CodexAstra_20260426_232913_p0.log,06_输出/报告,7705,2026-04-27 10:22:17,索引引用，未重复复制
C3对称结构,三裂缝环,日志,three_slit_ring_CodexAstra_20260426_232913_p0.log,H:\FDTD outcome\struct\群论_struct\C3对称结构\三裂缝环\logs\three_slit_ring_CodexAstra_20260426_232913_p0.log,06_输出/报告,3822,2026-04-26 23:36:32,索引引用，未重复复制
C3对称结构,三裂缝环,FDTD备份,three_slit_ring_CodexAstra_20260426_232913.fsp.bak,H:\FDTD outcome\struct\群论_struct\C3对称结构\三裂缝环\other\three_slit_ring_CodexAstra_20260426_232913.fsp.bak,02_FDTD模型,294703,2026-04-26 23:36:32,索引引用，未重复复制
C3对称结构,三裂缝环,图片,three_slit_ring_prelim_T_20260426_231746.png,H:\FDTD outcome\struct\群论_struct\C3对称结构\三裂缝环\png\three_slit_ring_prelim_T_20260426_231746.png,04_场图图片,23267,2026-04-26 23:19:55,索引引用，未重复复制
C3对称结构,三裂缝环,图片,three_slit_ring_prelim_T_20260426_232054.png,H:\FDTD outcome\struct\群论_struct\C3对称结构\三裂缝环\png\three_slit_ring_prelim_T_20260426_232054.png,04_场图图片,23267,2026-04-26 23:22:51,索引引用，未重复复制
C3对称结构,三裂缝环,图片,three_slit_ring_prelim_T_20260426_232353.png,H:\FDTD outcome\struct\群论_struct\C3对称结构\三裂缝环\png\three_slit_ring_prelim_T_20260426_232353.png,04_场图图片,23267,2026-04-26 23:27:35,索引引用，未重复复制
C3对称结构,三裂缝环,图片,three_slit_ring_prelim_T_20260426_232913.png,H:\FDTD outcome\struct\群论_struct\C3对称结构\三裂缝环\png\three_slit_ring_prelim_T_20260426_232913.png,04_场图图片,45393,2026-04-26 23:36:34,索引引用，未重复复制
C3对称结构,三裂缝环,结果JSON,three_slit_ring_result_20260426_232913.json,H:\FDTD outcome\struct\群论_struct\C3对称结构\三裂缝环\results\three_slit_ring_result_20260426_232913.json,06_输出/报告,117,2026-04-26 23:36:33,索引引用，未重复复制
C3对称结构,三裂缝环,脚本,three_slit_ring_build_20260426_231746.py,H:\FDTD outcome\struct\群论_struct\C3对称结构\三裂缝环\scripts\three_slit_ring_build_20260426_231746.py,05_脚本,12394,2026-04-26 23:19:49,索引引用，未重复复制
C3对称结构,三裂缝环,脚本,three_slit_ring_build_20260426_232054.py,H:\FDTD outcome\struct\群论_struct\C3对称结构\三裂缝环\scripts\three_slit_ring_build_20260426_232054.py,05_脚本,12403,2026-04-26 23:22:45,索引引用，未重复复制
C3对称结构,三裂缝环,脚本,three_slit_ring_build_20260426_232353.py,H:\FDTD outcome\struct\群论_struct\C3对称结构\三裂缝环\scripts\three_slit_ring_build_20260426_232353.py,05_脚本,12614,2026-04-26 23:27:29,索引引用，未重复复制
C3对称结构,三裂缝环,脚本,three_slit_ring_build_20260426_232913.py,H:\FDTD outcome\struct\群论_struct\C3对称结构\三裂缝环\scripts\three_slit_ring_build_20260426_232913.py,05_脚本,12627,2026-04-26 23:36:13,索引引用，未重复复制
C3对称结构,三柱簇,光谱或数据表,three_pillar_cluster_prelim_T_20260426_232913.csv,H:\FDTD outcome\struct\群论_struct\C3对称结构\三柱簇\data\three_pillar_cluster_prelim_T_20260426_232913.csv,03_光谱文本,26083,2026-04-26 23:35:30,索引引用，未重复复制
C3对称结构,三柱簇,文档,three_pillar_cluster_note_20260426_231746.md,H:\FDTD outcome\struct\群论_struct\C3对称结构\三柱簇\docs\three_pillar_cluster_note_20260426_231746.md,06_输出/报告,2090,2026-04-26 23:19:37,索引引用，未重复复制
C3对称结构,三柱簇,文档,three_pillar_cluster_note_20260426_232054.md,H:\FDTD outcome\struct\群论_struct\C3对称结构\三柱簇\docs\three_pillar_cluster_note_20260426_232054.md,06_输出/报告,2116,2026-04-26 23:22:35,索引引用，未重复复制
C3对称结构,三柱簇,文档,three_pillar_cluster_note_20260426_232353.md,H:\FDTD outcome\struct\群论_struct\C3对称结构\三柱簇\docs\three_pillar_cluster_note_20260426_232353.md,06_输出/报告,2119,2026-04-26 23:27:03,索引引用，未重复复制
C3对称结构,三柱簇,文档,three_pillar_cluster_note_20260426_232913.md,H:\FDTD outcome\struct\群论_struct\C3对称结构\三柱簇\docs\three_pillar_cluster_note_20260426_232913.md,06_输出/报告,1202,2026-04-26 23:35:31,索引引用，未重复复制
C3对称结构,三柱簇,FDTD模型,three_pillar_cluster_CodexAstra_20260426_232913.fsp,H:\FDTD outcome\struct\群论_struct\C3对称结构\三柱簇\fsp\three_pillar_cluster_CodexAstra_20260426_232913.fsp,02_FDTD模型,25803140,2026-04-26 23:35:29,索引引用，未重复复制
C3对称结构,三柱簇,日志,three_pillar_cluster_CodexAstra_20260426_232913_p0.log,H:\FDTD outcome\struct\群论_struct\C3对称结构\三柱簇\logs\three_pillar_cluster_CodexAstra_20260426_232913_p0.log,06_输出/报告,3908,2026-04-26 23:35:29,索引引用，未重复复制
C3对称结构,三柱簇,FDTD备份,three_pillar_cluster_CodexAstra_20260426_232913.fsp.bak,H:\FDTD outcome\struct\群论_struct\C3对称结构\三柱簇\other\three_pillar_cluster_CodexAstra_20260426_232913.fsp.bak,02_FDTD模型,292973,2026-04-26 23:35:29,索引引用，未重复复制
C3对称结构,三柱簇,图片,900nm-1700nm.png,H:\FDTD outcome\struct\群论_struct\C3对称结构\三柱簇\png\900nm-1700nm.png,04_场图图片,9760,2026-04-27 10:31:53,索引引用，未重复复制
C3对称结构,三柱簇,图片,three_pillar_cluster_prelim_T_20260426_231746.png,H:\FDTD outcome\struct\群论_struct\C3对称结构\三柱簇\png\three_pillar_cluster_prelim_T_20260426_231746.png,04_场图图片,23033,2026-04-26 23:19:37,索引引用，未重复复制
C3对称结构,三柱簇,图片,three_pillar_cluster_prelim_T_20260426_232054.png,H:\FDTD outcome\struct\群论_struct\C3对称结构\三柱簇\png\three_pillar_cluster_prelim_T_20260426_232054.png,04_场图图片,23033,2026-04-26 23:22:34,索引引用，未重复复制
C3对称结构,三柱簇,图片,three_pillar_cluster_prelim_T_20260426_232353.png,H:\FDTD outcome\struct\群论_struct\C3对称结构\三柱簇\png\three_pillar_cluster_prelim_T_20260426_232353.png,04_场图图片,23033,2026-04-26 23:27:03,索引引用，未重复复制
C3对称结构,三柱簇,图片,three_pillar_cluster_prelim_T_20260426_232913.png,H:\FDTD outcome\struct\群论_struct\C3对称结构\三柱簇\png\three_pillar_cluster_prelim_T_20260426_232913.png,04_场图图片,39474,2026-04-26 23:35:31,索引引用，未重复复制
C3对称结构,三柱簇,结果JSON,three_pillar_cluster_result_20260426_232913.json,H:\FDTD outcome\struct\群论_struct\C3对称结构\三柱簇\results\three_pillar_cluster_result_20260426_232913.json,06_输出/报告,113,2026-04-26 23:35:30,索引引用，未重复复制
C3对称结构,三柱簇,脚本,three_pillar_cluster_build_20260426_231746.py,H:\FDTD outcome\struct\群论_struct\C3对称结构\三柱簇\scripts\three_pillar_cluster_build_20260426_231746.py,05_脚本,12393,2026-04-26 23:19:31,索引引用，未重复复制
C3对称结构,三柱簇,脚本,three_pillar_cluster_build_20260426_232054.py,H:\FDTD outcome\struct\群论_struct\C3对称结构\三柱簇\scripts\three_pillar_cluster_build_20260426_232054.py,05_脚本,12402,2026-04-26 23:22:29,索引引用，未重复复制
C3对称结构,三柱簇,脚本,three_pillar_cluster_build_20260426_232353.py,H:\FDTD outcome\struct\群论_struct\C3对称结构\三柱簇\scripts\three_pillar_cluster_build_20260426_232353.py,05_脚本,12613,2026-04-26 23:26:57,索引引用，未重复复制
C3对称结构,三柱簇,脚本,three_pillar_cluster_build_20260426_232913.py,H:\FDTD outcome\struct\群论_struct\C3对称结构\三柱簇\scripts\three_pillar_cluster_build_20260426_232913.py,05_脚本,12626,2026-04-26 23:35:09,索引引用，未重复复制
C3对称结构,三孔盘,光谱或数据表,three_hole_disk_prelim_T_20260426_232913.csv,H:\FDTD outcome\struct\群论_struct\C3对称结构\三孔盘\data\three_hole_disk_prelim_T_20260426_232913.csv,03_光谱文本,26083,2026-04-26 23:36:12,索引引用，未重复复制
C3对称结构,三孔盘,文档,three_hole_disk_note_20260426_231746.md,H:\FDTD outcome\struct\群论_struct\C3对称结构\三孔盘\docs\three_hole_disk_note_20260426_231746.md,06_输出/报告,2114,2026-04-26 23:19:49,索引引用，未重复复制
C3对称结构,三孔盘,文档,three_hole_disk_note_20260426_232054.md,H:\FDTD outcome\struct\群论_struct\C3对称结构\三孔盘\docs\three_hole_disk_note_20260426_232054.md,06_输出/报告,2140,2026-04-26 23:22:45,索引引用，未重复复制
C3对称结构,三孔盘,文档,three_hole_disk_note_20260426_232353.md,H:\FDTD outcome\struct\群论_struct\C3对称结构\三孔盘\docs\three_hole_disk_note_20260426_232353.md,06_输出/报告,2145,2026-04-26 23:27:29,索引引用，未重复复制
C3对称结构,三孔盘,文档,three_hole_disk_note_20260426_232913.md,H:\FDTD outcome\struct\群论_struct\C3对称结构\三孔盘\docs\three_hole_disk_note_20260426_232913.md,06_输出/报告,1229,2026-04-26 23:36:13,索引引用，未重复复制
C3对称结构,三孔盘,FDTD模型,three_hole_disk_CodexAstra_20260426_232913.fsp,H:\FDTD outcome\struct\群论_struct\C3对称结构\三孔盘\fsp\three_hole_disk_CodexAstra_20260426_232913.fsp,02_FDTD模型,25804823,2026-04-27 10:11:47,索引引用，未重复复制
C3对称结构,三孔盘,FDTD备份,three_hole_disk_CodexAstra_20260426_232913.fsp.bak,H:\FDTD outcome\struct\群论_struct\C3对称结构\三孔盘\fsp\three_hole_disk_CodexAstra_20260426_232913.fsp.bak,02_FDTD模型,293648,2026-04-27 10:11:47,索引引用，未重复复制
C3对称结构,三孔盘,日志,three_hole_disk_CodexAstra_20260426_232913_p0.log,H:\FDTD outcome\struct\群论_struct\C3对称结构\三孔盘\fsp\three_hole_disk_CodexAstra_20260426_232913_p0.log,06_输出/报告,9103,2026-04-27 10:11:47,索引引用，未重复复制
C3对称结构,三孔盘,日志,three_hole_disk_CodexAstra_20260426_232913_p0.log,H:\FDTD outcome\struct\群论_struct\C3对称结构\三孔盘\logs\three_hole_disk_CodexAstra_20260426_232913_p0.log,06_输出/报告,3811,2026-04-26 23:36:10,索引引用，未重复复制
C3对称结构,三孔盘,FDTD备份,three_hole_disk_CodexAstra_20260426_232913.fsp.bak,H:\FDTD outcome\struct\群论_struct\C3对称结构\三孔盘\other\three_hole_disk_CodexAstra_20260426_232913.fsp.bak,02_FDTD模型,293652,2026-04-26 23:36:10,索引引用，未重复复制
C3对称结构,三孔盘,图片,900nm-1700nm.png,H:\FDTD outcome\struct\群论_struct\C3对称结构\三孔盘\png\900nm-1700nm.png,04_场图图片,14303,2026-04-27 10:14:22,索引引用，未重复复制
C3对称结构,三孔盘,图片,three_hole_disk_prelim_T_20260426_231746.png,H:\FDTD outcome\struct\群论_struct\C3对称结构\三孔盘\png\three_hole_disk_prelim_T_20260426_231746.png,04_场图图片,22847,2026-04-26 23:19:49,索引引用，未重复复制
C3对称结构,三孔盘,图片,three_hole_disk_prelim_T_20260426_232054.png,H:\FDTD outcome\struct\群论_struct\C3对称结构\三孔盘\png\three_hole_disk_prelim_T_20260426_232054.png,04_场图图片,22847,2026-04-26 23:22:45,索引引用，未重复复制
C3对称结构,三孔盘,图片,three_hole_disk_prelim_T_20260426_232353.png,H:\FDTD outcome\struct\群论_struct\C3对称结构\三孔盘\png\three_hole_disk_prelim_T_20260426_232353.png,04_场图图片,22847,2026-04-26 23:27:29,索引引用，未重复复制
C3对称结构,三孔盘,图片,three_hole_disk_prelim_T_20260426_232913.png,H:\FDTD outcome\struct\群论_struct\C3对称结构\三孔盘\png\three_hole_disk_prelim_T_20260426_232913.png,04_场图图片,58590,2026-04-26 23:36:13,索引引用，未重复复制
C3对称结构,三孔盘,结果JSON,three_hole_disk_result_20260426_232913.json,H:\FDTD outcome\struct\群论_struct\C3对称结构\三孔盘\results\three_hole_disk_result_20260426_232913.json,06_输出/报告,116,2026-04-26 23:36:12,索引引用，未重复复制
C3对称结构,三孔盘,脚本,three_hole_disk_build_20260426_231746.py,H:\FDTD outcome\struct\群论_struct\C3对称结构\三孔盘\scripts\three_hole_disk_build_20260426_231746.py,05_脚本,12382,2026-04-26 23:19:43,索引引用，未重复复制
C3对称结构,三孔盘,脚本,three_hole_disk_build_20260426_232054.py,H:\FDTD outcome\struct\群论_struct\C3对称结构\三孔盘\scripts\three_hole_disk_build_20260426_232054.py,05_脚本,12391,2026-04-26 23:22:40,索引引用，未重复复制
C3对称结构,三孔盘,脚本,three_hole_disk_build_20260426_232353.py,H:\FDTD outcome\struct\群论_struct\C3对称结构\三孔盘\scripts\three_hole_disk_build_20260426_232353.py,05_脚本,12602,2026-04-26 23:27:24,索引引用，未重复复制
C3对称结构,三孔盘,脚本,three_hole_disk_build_20260426_232913.py,H:\FDTD outcome\struct\群论_struct\C3对称结构\三孔盘\scripts\three_hole_disk_build_20260426_232913.py,05_脚本,12615,2026-04-26 23:35:51,索引引用，未重复复制
C3对称结构,三叶星,光谱或数据表,three_lobed_star_prelim_T_20260426_232353.csv,H:\FDTD outcome\struct\群论_struct\C3对称结构\三叶星\data\three_lobed_star_prelim_T_20260426_232353.csv,03_光谱文本,26082,2026-04-26 23:27:23,索引引用，未重复复制
C3对称结构,三叶星,光谱或数据表,three_lobed_star_prelim_T_20260426_232913.csv,H:\FDTD outcome\struct\群论_struct\C3对称结构\三叶星\data\three_lobed_star_prelim_T_20260426_232913.csv,03_光谱文本,26082,2026-04-26 23:35:50,索引引用，未重复复制
C3对称结构,三叶星,文档,three_lobed_star_note_20260426_231746.md,H:\FDTD outcome\struct\群论_struct\C3对称结构\三叶星\docs\three_lobed_star_note_20260426_231746.md,06_输出/报告,2096,2026-04-26 23:19:43,索引引用，未重复复制
C3对称结构,三叶星,文档,three_lobed_star_note_20260426_232054.md,H:\FDTD outcome\struct\群论_struct\C3对称结构\三叶星\docs\three_lobed_star_note_20260426_232054.md,06_输出/报告,2125,2026-04-26 23:22:40,索引引用，未重复复制
C3对称结构,三叶星,文档,three_lobed_star_note_20260426_232353.md,H:\FDTD outcome\struct\群论_struct\C3对称结构\三叶星\docs\three_lobed_star_note_20260426_232353.md,06_输出/报告,1212,2026-04-26 23:27:24,索引引用，未重复复制
C3对称结构,三叶星,文档,three_lobed_star_note_20260426_232913.md,H:\FDTD outcome\struct\群论_struct\C3对称结构\三叶星\docs\three_lobed_star_note_20260426_232913.md,06_输出/报告,1212,2026-04-26 23:35:51,索引引用，未重复复制
C3对称结构,三叶星,FDTD模型,three_lobed_star_CodexAstra_20260426_232353.fsp,H:\FDTD outcome\struct\群论_struct\C3对称结构\三叶星\fsp\three_lobed_star_CodexAstra_20260426_232353.fsp,02_FDTD模型,25803368,2026-04-27 10:27:24,索引引用，未重复复制
C3对称结构,三叶星,FDTD备份,three_lobed_star_CodexAstra_20260426_232353.fsp.bak,H:\FDTD outcome\struct\群论_struct\C3对称结构\三叶星\fsp\three_lobed_star_CodexAstra_20260426_232353.fsp.bak,02_FDTD模型,293233,2026-04-27 10:27:24,索引引用，未重复复制
C3对称结构,三叶星,日志,three_lobed_star_CodexAstra_20260426_232353_p0.log,H:\FDTD outcome\struct\群论_struct\C3对称结构\三叶星\fsp\three_lobed_star_CodexAstra_20260426_232353_p0.log,06_输出/报告,3682,2026-04-27 10:27:24,索引引用，未重复复制
C3对称结构,三叶星,FDTD模型,three_lobed_star_CodexAstra_20260426_232913.fsp,H:\FDTD outcome\struct\群论_struct\C3对称结构\三叶星\fsp\three_lobed_star_CodexAstra_20260426_232913.fsp,02_FDTD模型,22477980,2026-04-26 23:35:49,索引引用，未重复复制
C3对称结构,三叶星,日志,three_lobed_star_CodexAstra_20260426_232353_p0.log,H:\FDTD outcome\struct\群论_struct\C3对称结构\三叶星\logs\three_lobed_star_CodexAstra_20260426_232353_p0.log,06_输出/报告,3452,2026-04-26 23:27:22,索引引用，未重复复制
C3对称结构,三叶星,日志,three_lobed_star_CodexAstra_20260426_232913_p0.log,H:\FDTD outcome\struct\群论_struct\C3对称结构\三叶星\logs\three_lobed_star_CodexAstra_20260426_232913_p0.log,06_输出/报告,3452,2026-04-26 23:35:49,索引引用，未重复复制
C3对称结构,三叶星,FDTD备份,three_lobed_star_CodexAstra_20260426_232353.fsp.bak,H:\FDTD outcome\struct\群论_struct\C3对称结构\三叶星\other\three_lobed_star_CodexAstra_20260426_232353.fsp.bak,02_FDTD模型,293189,2026-04-26 23:27:22,索引引用，未重复复制
C3对称结构,三叶星,FDTD备份,three_lobed_star_CodexAstra_20260426_232913.fsp.bak,H:\FDTD outcome\struct\群论_struct\C3对称结构\三叶星\other\three_lobed_star_CodexAstra_20260426_232913.fsp.bak,02_FDTD模型,293189,2026-04-26 23:35:49,索引引用，未重复复制
C3对称结构,三叶星,图片,three_lobed_star_prelim_T_20260426_231746.png,H:\FDTD outcome\struct\群论_struct\C3对称结构\三叶星\png\three_lobed_star_prelim_T_20260426_231746.png,04_场图图片,22709,2026-04-26 23:19:43,索引引用，未重复复制
C3对称结构,三叶星,图片,three_lobed_star_prelim_T_20260426_232054.png,H:\FDTD outcome\struct\群论_struct\C3对称结构\三叶星\png\three_lobed_star_prelim_T_20260426_232054.png,04_场图图片,22709,2026-04-26 23:22:40,索引引用，未重复复制
C3对称结构,三叶星,图片,three_lobed_star_prelim_T_20260426_232353.png,H:\FDTD outcome\struct\群论_struct\C3对称结构\三叶星\png\three_lobed_star_prelim_T_20260426_232353.png,04_场图图片,45004,2026-04-26 23:27:24,索引引用，未重复复制
C3对称结构,三叶星,图片,three_lobed_star_prelim_T_20260426_232913.png,H:\FDTD outcome\struct\群论_struct\C3对称结构\三叶星\png\three_lobed_star_prelim_T_20260426_232913.png,04_场图图片,45004,2026-04-26 23:35:51,索引引用，未重复复制
C3对称结构,三叶星,结果JSON,three_lobed_star_result_20260426_232353.json,H:\FDTD outcome\struct\群论_struct\C3对称结构\三叶星\results\three_lobed_star_result_20260426_232353.json,06_输出/报告,117,2026-04-26 23:27:23,索引引用，未重复复制
C3对称结构,三叶星,结果JSON,three_lobed_star_result_20260426_232913.json,H:\FDTD outcome\struct\群论_struct\C3对称结构\三叶星\results\three_lobed_star_result_20260426_232913.json,06_输出/报告,117,2026-04-26 23:35:50,索引引用，未重复复制
C3对称结构,三叶星,脚本,three_lobed_star_build_20260426_231746.py,H:\FDTD outcome\struct\群论_struct\C3对称结构\三叶星\scripts\three_lobed_star_build_20260426_231746.py,05_脚本,12371,2026-04-26 23:19:37,索引引用，未重复复制
C3对称结构,三叶星,脚本,three_lobed_star_build_20260426_232054.py,H:\FDTD outcome\struct\群论_struct\C3对称结构\三叶星\scripts\three_lobed_star_build_20260426_232054.py,05_脚本,12380,2026-04-26 23:22:35,索引引用，未重复复制
C3对称结构,三叶星,脚本,three_lobed_star_build_20260426_232353.py,H:\FDTD outcome\struct\群论_struct\C3对称结构\三叶星\scripts\three_lobed_star_build_20260426_232353.py,05_脚本,12591,2026-04-26 23:27:03,索引引用，未重复复制
C3对称结构,三叶星,脚本,three_lobed_star_build_20260426_232913.py,H:\FDTD outcome\struct\群论_struct\C3对称结构\三叶星\scripts\three_lobed_star_build_20260426_232913.py,05_脚本,12604,2026-04-26 23:35:31,索引引用，未重复复制
C2对称结构,双脊_暂无法收敛,光谱文本,README.txt,H:\FDTD outcome\struct\群论_struct\C2对称结构\双脊_暂无法收敛\README.txt,03_光谱文本,496,2026-04-27 10:45:29,索引引用，未重复复制
C2对称结构,双脊_暂无法收敛,光谱或数据表,dual_ridges_prelim_T_20260426_232353.csv,H:\FDTD outcome\struct\群论_struct\C2对称结构\双脊_暂无法收敛\data\dual_ridges_prelim_T_20260426_232353.csv,03_光谱文本,26083,2026-04-26 23:24:25,索引引用，未重复复制
C2对称结构,双脊_暂无法收敛,光谱或数据表,dual_ridges_prelim_T_20260426_232913.csv,H:\FDTD outcome\struct\群论_struct\C2对称结构\双脊_暂无法收敛\data\dual_ridges_prelim_T_20260426_232913.csv,03_光谱文本,26083,2026-04-26 23:30:00,索引引用，未重复复制
C2对称结构,双脊_暂无法收敛,文档,dual_ridges_note_20260426_231746.md,H:\FDTD outcome\struct\群论_struct\C2对称结构\双脊_暂无法收敛\docs\dual_ridges_note_20260426_231746.md,06_输出/报告,2097,2026-04-26 23:18:06,索引引用，未重复复制
C2对称结构,双脊_暂无法收敛,文档,dual_ridges_note_20260426_232054.md,H:\FDTD outcome\struct\群论_struct\C2对称结构\双脊_暂无法收敛\docs\dual_ridges_note_20260426_232054.md,06_输出/报告,2126,2026-04-26 23:21:11,索引引用，未重复复制
C2对称结构,双脊_暂无法收敛,文档,dual_ridges_note_20260426_232353.md,H:\FDTD outcome\struct\群论_struct\C2对称结构\双脊_暂无法收敛\docs\dual_ridges_note_20260426_232353.md,06_输出/报告,1212,2026-04-26 23:24:25,索引引用，未重复复制
C2对称结构,双脊_暂无法收敛,文档,dual_ridges_note_20260426_232913.md,H:\FDTD outcome\struct\群论_struct\C2对称结构\双脊_暂无法收敛\docs\dual_ridges_note_20260426_232913.md,06_输出/报告,1212,2026-04-26 23:30:01,索引引用，未重复复制
C2对称结构,双脊_暂无法收敛,FDTD模型,dual_ridges_CodexAstra_20260426_232353.fsp,H:\FDTD outcome\struct\群论_struct\C2对称结构\双脊_暂无法收敛\fsp\dual_ridges_CodexAstra_20260426_232353.fsp,02_FDTD模型,293139,2026-04-27 10:45:11,索引引用，未重复复制
C2对称结构,双脊_暂无法收敛,FDTD备份,dual_ridges_CodexAstra_20260426_232353.fsp.bak,H:\FDTD outcome\struct\群论_struct\C2对称结构\双脊_暂无法收敛\fsp\dual_ridges_CodexAstra_20260426_232353.fsp.bak,02_FDTD模型,293139,2026-04-27 10:38:43,索引引用，未重复复制
C2对称结构,双脊_暂无法收敛,日志,dual_ridges_CodexAstra_20260426_232353_p0.log,H:\FDTD outcome\struct\群论_struct\C2对称结构\双脊_暂无法收敛\fsp\dual_ridges_CodexAstra_20260426_232353_p0.log,06_输出/报告,2125,2026-04-27 10:40:00,索引引用，未重复复制
C2对称结构,双脊_暂无法收敛,FDTD模型,dual_ridges_CodexAstra_20260426_232913.fsp,H:\FDTD outcome\struct\群论_struct\C2对称结构\双脊_暂无法收敛\fsp\dual_ridges_CodexAstra_20260426_232913.fsp,02_FDTD模型,25803310,2026-04-26 23:29:59,索引引用，未重复复制
C2对称结构,双脊_暂无法收敛,日志,dual_ridges_CodexAstra_20260426_232353_p0.log,H:\FDTD outcome\struct\群论_struct\C2对称结构\双脊_暂无法收敛\logs\dual_ridges_CodexAstra_20260426_232353_p0.log,06_输出/报告,3806,2026-04-26 23:24:24,索引引用，未重复复制
C2对称结构,双脊_暂无法收敛,日志,dual_ridges_CodexAstra_20260426_232913_p0.log,H:\FDTD outcome\struct\群论_struct\C2对称结构\双脊_暂无法收敛\logs\dual_ridges_CodexAstra_20260426_232913_p0.log,06_输出/报告,3806,2026-04-26 23:29:59,索引引用，未重复复制
C2对称结构,双脊_暂无法收敛,FDTD备份,dual_ridges_CodexAstra_20260426_232353.fsp.bak,H:\FDTD outcome\struct\群论_struct\C2对称结构\双脊_暂无法收敛\other\dual_ridges_CodexAstra_20260426_232353.fsp.bak,02_FDTD模型,293143,2026-04-26 23:24:24,索引引用，未重复复制
C2对称结构,双脊_暂无法收敛,FDTD备份,dual_ridges_CodexAstra_20260426_232913.fsp.bak,H:\FDTD outcome\struct\群论_struct\C2对称结构\双脊_暂无法收敛\other\dual_ridges_CodexAstra_20260426_232913.fsp.bak,02_FDTD模型,293143,2026-04-26 23:29:59,索引引用，未重复复制
C2对称结构,双脊_暂无法收敛,图片,dual_ridges_prelim_T_20260426_231746.png,H:\FDTD outcome\struct\群论_struct\C2对称结构\双脊_暂无法收敛\png\dual_ridges_prelim_T_20260426_231746.png,04_场图图片,22927,2026-04-26 23:18:06,索引引用，未重复复制
C2对称结构,双脊_暂无法收敛,图片,dual_ridges_prelim_T_20260426_232054.png,H:\FDTD outcome\struct\群论_struct\C2对称结构\双脊_暂无法收敛\png\dual_ridges_prelim_T_20260426_232054.png,04_场图图片,22927,2026-04-26 23:21:11,索引引用，未重复复制
C2对称结构,双脊_暂无法收敛,图片,dual_ridges_prelim_T_20260426_232353.png,H:\FDTD outcome\struct\群论_struct\C2对称结构\双脊_暂无法收敛\png\dual_ridges_prelim_T_20260426_232353.png,04_场图图片,48197,2026-04-26 23:24:25,索引引用，未重复复制
C2对称结构,双脊_暂无法收敛,图片,dual_ridges_prelim_T_20260426_232913.png,H:\FDTD outcome\struct\群论_struct\C2对称结构\双脊_暂无法收敛\png\dual_ridges_prelim_T_20260426_232913.png,04_场图图片,48197,2026-04-26 23:30:01,索引引用，未重复复制
C2对称结构,双脊_暂无法收敛,结果JSON,dual_ridges_result_20260426_232353.json,H:\FDTD outcome\struct\群论_struct\C2对称结构\双脊_暂无法收敛\results\dual_ridges_result_20260426_232353.json,06_输出/报告,116,2026-04-26 23:24:25,索引引用，未重复复制
C2对称结构,双脊_暂无法收敛,结果JSON,dual_ridges_result_20260426_232913.json,H:\FDTD outcome\struct\群论_struct\C2对称结构\双脊_暂无法收敛\results\dual_ridges_result_20260426_232913.json,06_输出/报告,116,2026-04-26 23:30:00,索引引用，未重复复制
C2对称结构,双脊_暂无法收敛,脚本,dual_ridges_build_20260426_231746.py,H:\FDTD outcome\struct\群论_struct\C2对称结构\双脊_暂无法收敛\scripts\dual_ridges_build_20260426_231746.py,05_脚本,12316,2026-04-26 23:18:01,索引引用，未重复复制
C2对称结构,双脊_暂无法收敛,脚本,dual_ridges_build_20260426_232054.py,H:\FDTD outcome\struct\群论_struct\C2对称结构\双脊_暂无法收敛\scripts\dual_ridges_build_20260426_232054.py,05_脚本,12325,2026-04-26 23:21:05,索引引用，未重复复制
C2对称结构,双脊_暂无法收敛,脚本,dual_ridges_build_20260426_232353.py,H:\FDTD outcome\struct\群论_struct\C2对称结构\双脊_暂无法收敛\scripts\dual_ridges_build_20260426_232353.py,05_脚本,12536,2026-04-26 23:24:04,索引引用，未重复复制
C2对称结构,双脊_暂无法收敛,脚本,dual_ridges_build_20260426_232913.py,H:\FDTD outcome\struct\群论_struct\C2对称结构\双脊_暂无法收敛\scripts\dual_ridges_build_20260426_232913.py,05_脚本,12549,2026-04-26 23:29:39,索引引用，未重复复制
C2对称结构,双椭圆,光谱或数据表,dual_ellipses_prelim_T_20260426_232913.csv,H:\FDTD outcome\struct\群论_struct\C2对称结构\双椭圆\data\dual_ellipses_prelim_T_20260426_232913.csv,03_光谱文本,26083,2026-04-26 23:30:58,索引引用，未重复复制
C2对称结构,双椭圆,文档,dual_ellipses_note_20260426_231746.md,H:\FDTD outcome\struct\群论_struct\C2对称结构\双椭圆\docs\dual_ellipses_note_20260426_231746.md,06_输出/报告,2099,2026-04-26 23:18:23,索引引用，未重复复制
C2对称结构,双椭圆,文档,dual_ellipses_note_20260426_232054.md,H:\FDTD outcome\struct\群论_struct\C2对称结构\双椭圆\docs\dual_ellipses_note_20260426_232054.md,06_输出/报告,2131,2026-04-26 23:21:27,索引引用，未重复复制
C2对称结构,双椭圆,文档,dual_ellipses_note_20260426_232353.md,H:\FDTD outcome\struct\群论_struct\C2对称结构\双椭圆\docs\dual_ellipses_note_20260426_232353.md,06_输出/报告,2137,2026-04-26 23:24:53,索引引用，未重复复制
C2对称结构,双椭圆,文档,dual_ellipses_note_20260426_232913.md,H:\FDTD outcome\struct\群论_struct\C2对称结构\双椭圆\docs\dual_ellipses_note_20260426_232913.md,06_输出/报告,1214,2026-04-26 23:30:59,索引引用，未重复复制
C2对称结构,双椭圆,FDTD模型,dual_ellipses_CodexAstra_20260426_232913.fsp,H:\FDTD outcome\struct\群论_struct\C2对称结构\双椭圆\fsp\dual_ellipses_CodexAstra_20260426_232913.fsp,02_FDTD模型,25802827,2026-04-27 11:04:36,索引引用，未重复复制
C2对称结构,双椭圆,FDTD备份,dual_ellipses_CodexAstra_20260426_232913.fsp.bak,H:\FDTD outcome\struct\群论_struct\C2对称结构\双椭圆\fsp\dual_ellipses_CodexAstra_20260426_232913.fsp.bak,02_FDTD模型,292436,2026-04-27 11:04:36,索引引用，未重复复制
C2对称结构,双椭圆,日志,dual_ellipses_CodexAstra_20260426_232913_p0.log,H:\FDTD outcome\struct\群论_struct\C2对称结构\双椭圆\fsp\dual_ellipses_CodexAstra_20260426_232913_p0.log,06_输出/报告,5244,2026-04-27 11:04:36,索引引用，未重复复制
C2对称结构,双椭圆,日志,dual_ellipses_CodexAstra_20260426_232913_p0.log,H:\FDTD outcome\struct\群论_struct\C2对称结构\双椭圆\logs\dual_ellipses_CodexAstra_20260426_232913_p0.log,06_输出/报告,3735,2026-04-26 23:30:57,索引引用，未重复复制
C2对称结构,双椭圆,FDTD备份,dual_ellipses_CodexAstra_20260426_232913.fsp.bak,H:\FDTD outcome\struct\群论_struct\C2对称结构\双椭圆\other\dual_ellipses_CodexAstra_20260426_232913.fsp.bak,02_FDTD模型,292440,2026-04-26 23:30:57,索引引用，未重复复制
C2对称结构,双椭圆,图片,dual_ellipses_prelim_T_20260426_231746.png,H:\FDTD outcome\struct\群论_struct\C2对称结构\双椭圆\png\dual_ellipses_prelim_T_20260426_231746.png,04_场图图片,23203,2026-04-26 23:18:23,索引引用，未重复复制
C2对称结构,双椭圆,图片,dual_ellipses_prelim_T_20260426_232054.png,H:\FDTD outcome\struct\群论_struct\C2对称结构\双椭圆\png\dual_ellipses_prelim_T_20260426_232054.png,04_场图图片,23203,2026-04-26 23:21:27,索引引用，未重复复制
C2对称结构,双椭圆,图片,dual_ellipses_prelim_T_20260426_232353.png,H:\FDTD outcome\struct\群论_struct\C2对称结构\双椭圆\png\dual_ellipses_prelim_T_20260426_232353.png,04_场图图片,23203,2026-04-26 23:24:53,索引引用，未重复复制
C2对称结构,双椭圆,图片,dual_ellipses_prelim_T_20260426_232913.png,H:\FDTD outcome\struct\群论_struct\C2对称结构\双椭圆\png\dual_ellipses_prelim_T_20260426_232913.png,04_场图图片,49194,2026-04-26 23:30:59,索引引用，未重复复制
C2对称结构,双椭圆,结果JSON,dual_ellipses_result_20260426_232913.json,H:\FDTD outcome\struct\群论_struct\C2对称结构\双椭圆\results\dual_ellipses_result_20260426_232913.json,06_输出/报告,116,2026-04-26 23:30:58,索引引用，未重复复制
C2对称结构,双椭圆,脚本,dual_ellipses_build_20260426_231746.py,H:\FDTD outcome\struct\群论_struct\C2对称结构\双椭圆\scripts\dual_ellipses_build_20260426_231746.py,05_脚本,12353,2026-04-26 23:18:18,索引引用，未重复复制
C2对称结构,双椭圆,脚本,dual_ellipses_build_20260426_232054.py,H:\FDTD outcome\struct\群论_struct\C2对称结构\双椭圆\scripts\dual_ellipses_build_20260426_232054.py,05_脚本,12362,2026-04-26 23:21:22,索引引用，未重复复制
C2对称结构,双椭圆,脚本,dual_ellipses_build_20260426_232353.py,H:\FDTD outcome\struct\群论_struct\C2对称结构\双椭圆\scripts\dual_ellipses_build_20260426_232353.py,05_脚本,12573,2026-04-26 23:24:48,索引引用，未重复复制
C2对称结构,双椭圆,脚本,dual_ellipses_build_20260426_232913.py,H:\FDTD outcome\struct\群论_struct\C2对称结构\双椭圆\scripts\dual_ellipses_build_20260426_232913.py,05_脚本,12586,2026-04-26 23:30:38,索引引用，未重复复制
C2对称结构,双梁,光谱或数据表,dual_beams_prelim_T_20260426_232353.csv,H:\FDTD outcome\struct\群论_struct\C2对称结构\双梁\data\dual_beams_prelim_T_20260426_232353.csv,03_光谱文本,26083,2026-04-26 23:24:47,索引引用，未重复复制
C2对称结构,双梁,光谱或数据表,dual_beams_prelim_T_20260426_232913.csv,H:\FDTD outcome\struct\群论_struct\C2对称结构\双梁\data\dual_beams_prelim_T_20260426_232913.csv,03_光谱文本,26083,2026-04-26 23:30:37,索引引用，未重复复制
C2对称结构,双梁,文档,dual_beams_note_20260426_231746.md,H:\FDTD outcome\struct\群论_struct\C2对称结构\双梁\docs\dual_beams_note_20260426_231746.md,06_输出/报告,2102,2026-04-26 23:18:18,索引引用，未重复复制
C2对称结构,双梁,文档,dual_beams_note_20260426_232054.md,H:\FDTD outcome\struct\群论_struct\C2对称结构\双梁\docs\dual_beams_note_20260426_232054.md,06_输出/报告,2131,2026-04-26 23:21:22,索引引用，未重复复制
C2对称结构,双梁,文档,dual_beams_note_20260426_232353.md,H:\FDTD outcome\struct\群论_struct\C2对称结构\双梁\docs\dual_beams_note_20260426_232353.md,06_输出/报告,1215,2026-04-26 23:24:48,索引引用，未重复复制
C2对称结构,双梁,文档,dual_beams_note_20260426_232913.md,H:\FDTD outcome\struct\群论_struct\C2对称结构\双梁\docs\dual_beams_note_20260426_232913.md,06_输出/报告,1215,2026-04-26 23:30:38,索引引用，未重复复制
C2对称结构,双梁,FDTD模型,dual_beams_CodexAstra_20260426_232353.fsp,H:\FDTD outcome\struct\群论_struct\C2对称结构\双梁\fsp\dual_beams_CodexAstra_20260426_232353.fsp,02_FDTD模型,18043393,2026-04-27 10:47:42,索引引用，未重复复制
C2对称结构,双梁,FDTD备份,dual_beams_CodexAstra_20260426_232353.fsp.bak,H:\FDTD outcome\struct\群论_struct\C2对称结构\双梁\fsp\dual_beams_CodexAstra_20260426_232353.fsp.bak,02_FDTD模型,292346,2026-04-27 10:47:42,索引引用，未重复复制
C2对称结构,双梁,日志,dual_beams_CodexAstra_20260426_232353_p0.log,H:\FDTD outcome\struct\群论_struct\C2对称结构\双梁\fsp\dual_beams_CodexAstra_20260426_232353_p0.log,06_输出/报告,3555,2026-04-27 10:47:42,索引引用，未重复复制
C2对称结构,双梁,FDTD模型,dual_beams_CodexAstra_20260426_232913.fsp,H:\FDTD outcome\struct\群论_struct\C2对称结构\双梁\fsp\dual_beams_CodexAstra_20260426_232913.fsp,02_FDTD模型,18043413,2026-04-26 23:30:36,索引引用，未重复复制
C2对称结构,双梁,日志,dual_beams_CodexAstra_20260426_232353_p0.log,H:\FDTD outcome\struct\群论_struct\C2对称结构\双梁\logs\dual_beams_CodexAstra_20260426_232353_p0.log,06_输出/报告,3434,2026-04-26 23:24:46,索引引用，未重复复制
C2对称结构,双梁,日志,dual_beams_CodexAstra_20260426_232913_p0.log,H:\FDTD outcome\struct\群论_struct\C2对称结构\双梁\logs\dual_beams_CodexAstra_20260426_232913_p0.log,06_输出/报告,3437,2026-04-26 23:30:36,索引引用，未重复复制
C2对称结构,双梁,FDTD备份,dual_beams_CodexAstra_20260426_232353.fsp.bak,H:\FDTD outcome\struct\群论_struct\C2对称结构\双梁\other\dual_beams_CodexAstra_20260426_232353.fsp.bak,02_FDTD模型,292350,2026-04-26 23:24:46,索引引用，未重复复制
C2对称结构,双梁,FDTD备份,dual_beams_CodexAstra_20260426_232913.fsp.bak,H:\FDTD outcome\struct\群论_struct\C2对称结构\双梁\other\dual_beams_CodexAstra_20260426_232913.fsp.bak,02_FDTD模型,292350,2026-04-26 23:30:36,索引引用，未重复复制
C2对称结构,双梁,图片,dual_beams_prelim_T_20260426_231746.png,H:\FDTD outcome\struct\群论_struct\C2对称结构\双梁\png\dual_beams_prelim_T_20260426_231746.png,04_场图图片,22975,2026-04-26 23:18:18,索引引用，未重复复制
C2对称结构,双梁,图片,dual_beams_prelim_T_20260426_232054.png,H:\FDTD outcome\struct\群论_struct\C2对称结构\双梁\png\dual_beams_prelim_T_20260426_232054.png,04_场图图片,22975,2026-04-26 23:21:22,索引引用，未重复复制
C2对称结构,双梁,图片,dual_beams_prelim_T_20260426_232353.png,H:\FDTD outcome\struct\群论_struct\C2对称结构\双梁\png\dual_beams_prelim_T_20260426_232353.png,04_场图图片,44821,2026-04-26 23:24:48,索引引用，未重复复制
C2对称结构,双梁,图片,dual_beams_prelim_T_20260426_232913.png,H:\FDTD outcome\struct\群论_struct\C2对称结构\双梁\png\dual_beams_prelim_T_20260426_232913.png,04_场图图片,44821,2026-04-26 23:30:38,索引引用，未重复复制
C2对称结构,双梁,结果JSON,dual_beams_result_20260426_232353.json,H:\FDTD outcome\struct\群论_struct\C2对称结构\双梁\results\dual_beams_result_20260426_232353.json,06_输出/报告,114,2026-04-26 23:24:47,索引引用，未重复复制
C2对称结构,双梁,结果JSON,dual_beams_result_20260426_232913.json,H:\FDTD outcome\struct\群论_struct\C2对称结构\双梁\results\dual_beams_result_20260426_232913.json,06_输出/报告,114,2026-04-26 23:30:38,索引引用，未重复复制
C2对称结构,双梁,脚本,dual_beams_build_20260426_231746.py,H:\FDTD outcome\struct\群论_struct\C2对称结构\双梁\scripts\dual_beams_build_20260426_231746.py,05_脚本,12314,2026-04-26 23:18:11,索引引用，未重复复制
C2对称结构,双梁,脚本,dual_beams_build_20260426_232054.py,H:\FDTD outcome\struct\群论_struct\C2对称结构\双梁\scripts\dual_beams_build_20260426_232054.py,05_脚本,12323,2026-04-26 23:21:17,索引引用，未重复复制
C2对称结构,双梁,脚本,dual_beams_build_20260426_232353.py,H:\FDTD outcome\struct\群论_struct\C2对称结构\双梁\scripts\dual_beams_build_20260426_232353.py,05_脚本,12534,2026-04-26 23:24:31,索引引用，未重复复制
C2对称结构,双梁,脚本,dual_beams_build_20260426_232913.py,H:\FDTD outcome\struct\群论_struct\C2对称结构\双梁\scripts\dual_beams_build_20260426_232913.py,05_脚本,12547,2026-04-26 23:30:21,索引引用，未重复复制
C2对称结构,双柱,光谱或数据表,dual_pillars_prelim_T_20260426_232913.csv,H:\FDTD outcome\struct\群论_struct\C2对称结构\双柱\data\dual_pillars_prelim_T_20260426_232913.csv,03_光谱文本,26081,2026-04-26 23:29:38,索引引用，未重复复制
C2对称结构,双柱,文档,dual_pillars_note_20260426_231746.md,H:\FDTD outcome\struct\群论_struct\C2对称结构\双柱\docs\dual_pillars_note_20260426_231746.md,06_输出/报告,2084,2026-04-26 23:18:01,索引引用，未重复复制
C2对称结构,双柱,文档,dual_pillars_note_20260426_232054.md,H:\FDTD outcome\struct\群论_struct\C2对称结构\双柱\docs\dual_pillars_note_20260426_232054.md,06_输出/报告,2113,2026-04-26 23:21:05,索引引用，未重复复制
C2对称结构,双柱,文档,dual_pillars_note_20260426_232353.md,H:\FDTD outcome\struct\群论_struct\C2对称结构\双柱\docs\dual_pillars_note_20260426_232353.md,06_输出/报告,2119,2026-04-26 23:24:04,索引引用，未重复复制
C2对称结构,双柱,文档,dual_pillars_note_20260426_232913.md,H:\FDTD outcome\struct\群论_struct\C2对称结构\双柱\docs\dual_pillars_note_20260426_232913.md,06_输出/报告,1195,2026-04-26 23:29:39,索引引用，未重复复制
C2对称结构,双柱,FDTD模型,dual_pillars_CodexAstra_20260426_232913.fsp,H:\FDTD outcome\struct\群论_struct\C2对称结构\双柱\fsp\dual_pillars_CodexAstra_20260426_232913.fsp,02_FDTD模型,25802397,2026-04-26 23:29:37,索引引用，未重复复制
C2对称结构,双柱,日志,dual_pillars_CodexAstra_20260426_232913_p0.log,H:\FDTD outcome\struct\群论_struct\C2对称结构\双柱\logs\dual_pillars_CodexAstra_20260426_232913_p0.log,06_输出/报告,3725,2026-04-26 23:29:37,索引引用，未重复复制
C2对称结构,双柱,FDTD备份,dual_pillars_CodexAstra_20260426_232913.fsp.bak,H:\FDTD outcome\struct\群论_struct\C2对称结构\双柱\other\dual_pillars_CodexAstra_20260426_232913.fsp.bak,02_FDTD模型,292246,2026-04-26 23:29:37,索引引用，未重复复制
C2对称结构,双柱,图片,dual_pillars_prelim_T_20260426_231746.png,H:\FDTD outcome\struct\群论_struct\C2对称结构\双柱\png\dual_pillars_prelim_T_20260426_231746.png,04_场图图片,22918,2026-04-26 23:18:01,索引引用，未重复复制
C2对称结构,双柱,图片,dual_pillars_prelim_T_20260426_232054.png,H:\FDTD outcome\struct\群论_struct\C2对称结构\双柱\png\dual_pillars_prelim_T_20260426_232054.png,04_场图图片,22918,2026-04-26 23:21:05,索引引用，未重复复制
C2对称结构,双柱,图片,dual_pillars_prelim_T_20260426_232353.png,H:\FDTD outcome\struct\群论_struct\C2对称结构\双柱\png\dual_pillars_prelim_T_20260426_232353.png,04_场图图片,22918,2026-04-26 23:24:04,索引引用，未重复复制
C2对称结构,双柱,图片,dual_pillars_prelim_T_20260426_232913.png,H:\FDTD outcome\struct\群论_struct\C2对称结构\双柱\png\dual_pillars_prelim_T_20260426_232913.png,04_场图图片,45204,2026-04-26 23:29:39,索引引用，未重复复制
C2对称结构,双柱,结果JSON,dual_pillars_result_20260426_232913.json,H:\FDTD outcome\struct\群论_struct\C2对称结构\双柱\results\dual_pillars_result_20260426_232913.json,06_输出/报告,112,2026-04-26 23:29:38,索引引用，未重复复制
C2对称结构,双柱,脚本,dual_pillars_build_20260426_231746.py,H:\FDTD outcome\struct\群论_struct\C2对称结构\双柱\scripts\dual_pillars_build_20260426_231746.py,05_脚本,12310,2026-04-26 23:17:46,索引引用，未重复复制
C2对称结构,双柱,脚本,dual_pillars_build_20260426_232054.py,H:\FDTD outcome\struct\群论_struct\C2对称结构\双柱\scripts\dual_pillars_build_20260426_232054.py,05_脚本,12319,2026-04-26 23:20:54,索引引用，未重复复制
C2对称结构,双柱,脚本,dual_pillars_build_20260426_232353.py,H:\FDTD outcome\struct\群论_struct\C2对称结构\双柱\scripts\dual_pillars_build_20260426_232353.py,05_脚本,12530,2026-04-26 23:23:53,索引引用，未重复复制
C2对称结构,双柱,脚本,dual_pillars_build_20260426_232913.py,H:\FDTD outcome\struct\群论_struct\C2对称结构\双柱\scripts\dual_pillars_build_20260426_232913.py,05_脚本,12543,2026-04-26 23:29:13,索引引用，未重复复制
C2对称结构,双圆盘,光谱或数据表,dual_disks_prelim_T_20260426_232913.csv,H:\FDTD outcome\struct\群论_struct\C2对称结构\双圆盘\data\dual_disks_prelim_T_20260426_232913.csv,03_光谱文本,26083,2026-04-26 23:30:21,索引引用，未重复复制
C2对称结构,双圆盘,文档,dual_disks_note_20260426_231746.md,H:\FDTD outcome\struct\群论_struct\C2对称结构\双圆盘\docs\dual_disks_note_20260426_231746.md,06_输出/报告,2108,2026-04-26 23:18:11,索引引用，未重复复制
C2对称结构,双圆盘,文档,dual_disks_note_20260426_232054.md,H:\FDTD outcome\struct\群论_struct\C2对称结构\双圆盘\docs\dual_disks_note_20260426_232054.md,06_输出/报告,2140,2026-04-26 23:21:17,索引引用，未重复复制
C2对称结构,双圆盘,文档,dual_disks_note_20260426_232353.md,H:\FDTD outcome\struct\群论_struct\C2对称结构\双圆盘\docs\dual_disks_note_20260426_232353.md,06_输出/报告,2147,2026-04-26 23:24:31,索引引用，未重复复制
C2对称结构,双圆盘,文档,dual_disks_note_20260426_232913.md,H:\FDTD outcome\struct\群论_struct\C2对称结构\双圆盘\docs\dual_disks_note_20260426_232913.md,06_输出/报告,1223,2026-04-26 23:30:21,索引引用，未重复复制
C2对称结构,双圆盘,FDTD模型,dual_disks_CodexAstra_20260426_232913.fsp,H:\FDTD outcome\struct\群论_struct\C2对称结构\双圆盘\fsp\dual_disks_CodexAstra_20260426_232913.fsp,02_FDTD模型,25802313,2026-04-26 23:30:20,索引引用，未重复复制
C2对称结构,双圆盘,日志,dual_disks_CodexAstra_20260426_232913_p0.log,H:\FDTD outcome\struct\群论_struct\C2对称结构\双圆盘\logs\dual_disks_CodexAstra_20260426_232913_p0.log,06_输出/报告,3593,2026-04-26 23:30:20,索引引用，未重复复制
C2对称结构,双圆盘,FDTD备份,dual_disks_CodexAstra_20260426_232913.fsp.bak,H:\FDTD outcome\struct\群论_struct\C2对称结构\双圆盘\other\dual_disks_CodexAstra_20260426_232913.fsp.bak,02_FDTD模型,292194,2026-04-26 23:30:20,索引引用，未重复复制
C2对称结构,双圆盘,图片,dual_disks_prelim_T_20260426_231746.png,H:\FDTD outcome\struct\群论_struct\C2对称结构\双圆盘\png\dual_disks_prelim_T_20260426_231746.png,04_场图图片,23129,2026-04-26 23:18:11,索引引用，未重复复制
C2对称结构,双圆盘,图片,dual_disks_prelim_T_20260426_232054.png,H:\FDTD outcome\struct\群论_struct\C2对称结构\双圆盘\png\dual_disks_prelim_T_20260426_232054.png,04_场图图片,23129,2026-04-26 23:21:17,索引引用，未重复复制
C2对称结构,双圆盘,图片,dual_disks_prelim_T_20260426_232353.png,H:\FDTD outcome\struct\群论_struct\C2对称结构\双圆盘\png\dual_disks_prelim_T_20260426_232353.png,04_场图图片,23129,2026-04-26 23:24:31,索引引用，未重复复制
C2对称结构,双圆盘,图片,dual_disks_prelim_T_20260426_232913.png,H:\FDTD outcome\struct\群论_struct\C2对称结构\双圆盘\png\dual_disks_prelim_T_20260426_232913.png,04_场图图片,45836,2026-04-26 23:30:21,索引引用，未重复复制
C2对称结构,双圆盘,结果JSON,dual_disks_result_20260426_232913.json,H:\FDTD outcome\struct\群论_struct\C2对称结构\双圆盘\results\dual_disks_result_20260426_232913.json,06_输出/报告,116,2026-04-26 23:30:21,索引引用，未重复复制
C2对称结构,双圆盘,脚本,dual_disks_build_20260426_231746.py,H:\FDTD outcome\struct\群论_struct\C2对称结构\双圆盘\scripts\dual_disks_build_20260426_231746.py,05_脚本,12341,2026-04-26 23:18:06,索引引用，未重复复制
C2对称结构,双圆盘,脚本,dual_disks_build_20260426_232054.py,H:\FDTD outcome\struct\群论_struct\C2对称结构\双圆盘\scripts\dual_disks_build_20260426_232054.py,05_脚本,12350,2026-04-26 23:21:11,索引引用，未重复复制
C2对称结构,双圆盘,脚本,dual_disks_build_20260426_232353.py,H:\FDTD outcome\struct\群论_struct\C2对称结构\双圆盘\scripts\dual_disks_build_20260426_232353.py,05_脚本,12561,2026-04-26 23:24:25,索引引用，未重复复制
C2对称结构,双圆盘,脚本,dual_disks_build_20260426_232913.py,H:\FDTD outcome\struct\群论_struct\C2对称结构\双圆盘\scripts\dual_disks_build_20260426_232913.py,05_脚本,12574,2026-04-26 23:30:01,索引引用，未重复复制
